Product,Vendor,Package,LL base package price,Current LL markup %,Proposed LL markup % — EDIT,Current LL package price,Calculated LL package price,Square sales price (current)
Blackberry Herbalism Kombucha,BNF Kombucha and Jun,16 fl. oz,$3.34,40.00%,45.00%,$4.68,$4.84,
Chai Cider,BNF Kombucha and Jun,16 0z,$3.34,40.00%,45.00%,$4.68,$4.84,
Ginger Turmeric Jun,BNF Kombucha and Jun,16 fl. oz,$3.75,40.00%,45.00%,$5.25,$5.44,
Ginger Zen Kombucha,BNF Kombucha and Jun,16 fl. oz,$3.34,40.00%,45.00%,$4.68,$4.84,
Grape Lavender Kombucha,BNF Kombucha and Jun,16 fl. oz,$3.34,40.00%,45.00%,$4.68,$4.84,
Hibiscus Mint Yerbe Mate Kombucha,BNF Kombucha and Jun,16. fl oz,$3.34,40.00%,45.00%,$4.68,$4.84,
Mango Marigold Kombucha,BNF Kombucha and Jun,16 fl. oz,$3.34,40.00%,45.00%,$4.68,$4.84,
Moonfruit Yerbe Mate Kombucha,BNF Kombucha and Jun,16 fl. oz,$3.34,40.00%,45.00%,$4.68,$4.84,
Oregon Blueberry Kombucha,BNF Kombucha and Jun,16 fl. oz,$3.34,40.00%,45.00%,$4.68,$4.84,
Peach Rose Kombucha,BNF Kombucha and Jun,16 fl. oz,$3.34,40.00%,45.00%,$4.68,$4.84,
Pear Jun,BNF Kombucha and Jun,16 fl. oz,$3.75,40.00%,45.00%,$5.25,$5.44,
Pomegranate Cardamom Kombucha,BNF Kombucha and Jun,16 fl. oz,$3.19,40.00%,45.00%,$4.47,$4.63,
Raspberry Reishi Jun,BNF Kombucha and Jun,16 fl. oz,$3.75,40.00%,45.00%,$5.25,$5.44,
Skullcap Lemon Yerbe Mate Kombucha,BNF Kombucha and Jun,16 fl. oz,$3.34,40.00%,45.00%,$4.68,$4.84,
Strawberry Mint Kombucha,BNF Kombucha and Jun,ea,$3.34,40.00%,45.00%,$4.68,$4.84,
Sugar Plum Kombucha,BNF Kombucha and Jun,ea,$3.34,40.00%,45.00%,$4.68,$4.84,
Brown Teff Flour,Camas Country Mill,3 lbs,$11.05,40.00%,45.00%,$15.47,$16.02,
Camas Pizza Blend,Camas Country Mill,4 lbs,$10.95,40.00%,45.00%,$15.33,$15.88,
Flax Seed,Camas Country Mill,3 lb. bag,$14.50,40.00%,45.00%,$20.30,$21.03,
"Garbanzo Beans/ Chickpeas, Organic",Camas Country Mill,3 lbs,$12.00,40.00%,45.00%,$16.80,$17.40,
Holly's Dog Biscuit Mix,Camas Country Mill,3 lb bag,$10.00,40.00%,45.00%,$14.00,$14.50,
Oregon Wild Rice,Camas Country Mill,16 oz,$11.50,40.00%,45.00%,$16.10,$16.68,
Organic 7-Grain Cereal,Camas Country Mill,3 lbs,$13.25,40.00%,45.00%,$18.55,$19.21,
Organic All Purpose Low Gluten Flour,Camas Country Mill,4 lbs,$9.50,40.00%,45.00%,$13.30,$13.78,
Organic Blue Cornmeal,Camas Country Mill,3 lb bag,$10.40,40.00%,45.00%,$14.56,$15.08,
Organic Buckwheat Flour,Camas Country Mill,3 lbs,$9.20,40.00%,45.00%,$12.88,$13.34,
Organic Corn Flour,Camas Country Mill,2.5 lbs,$10.80,40.00%,45.00%,$15.12,$15.66,
Organic Oat Flakes,Camas Country Mill,4 lbs,$15.60,40.00%,45.00%,$21.84,$22.62,
Organic Sonora Soft White Wheat Flour,Camas Country Mill,4 lbs,$13.30,40.00%,45.00%,$18.62,$19.29,
Organic Spelt Flour,Camas Country Mill,2 lb. Bag,$8.65,40.00%,45.00%,$12.11,$12.54,
Organic Spelt Flour,Camas Country Mill,4 lb. Bag,$12.00,40.00%,45.00%,$16.80,$17.40,
Pardina Brown Lentils,Camas Country Mill,3 lbs,$10.80,40.00%,45.00%,$15.12,$15.66,
Sues Soup Mix,Camas Country Mill,3 lbs,$17.70,40.00%,45.00%,$24.78,$25.67,
Three Sisters Porridge,Camas Country Mill,4 lbs,$13.25,40.00%,45.00%,$18.55,$19.21,
Austrian Cresent Fingerling Potatoes,Camas Swale Farm,lb,$2.25,40.00%,45.00%,$3.15,$3.26,
Baby Red Onion,Camas Swale Farm,bu,$2.50,40.00%,45.00%,$3.50,$3.63,
Baby Sweet Onion,Camas Swale Farm,bunch,$2.50,40.00%,45.00%,$3.50,$3.63,
Bok choi raab-,Camas Swale Farm,bu,$2.00,40.00%,45.00%,$2.80,$2.90,
Broccoli,Camas Swale Farm,1 lb,$2.50,40.00%,45.00%,$3.50,$3.63,
Broccoli,Camas Swale Farm,ea,$5.00,40.00%,45.00%,$7.00,$7.25,
Brussel Sprouts on the stalk,Camas Swale Farm,ea,$4.50,40.00%,45.00%,$6.30,$6.53,
"Bulgarian Pepper, Hot",Camas Swale Farm,1 lb,$5.00,40.00%,45.00%,$7.00,$7.25,
Canary Melon,Camas Swale Farm,each,$3.00,40.00%,45.00%,$4.20,$4.35,
Cauliflower,Camas Swale Farm,1 lb,$2.50,40.00%,45.00%,$3.50,$3.63,
Cauliflower,Camas Swale Farm,ea,$5.00,40.00%,45.00%,$7.00,$7.25,
Celeriac,Camas Swale Farm,1 lb,$1.80,40.00%,45.00%,$2.52,$2.61,
Celery,Camas Swale Farm,each,$2.50,40.00%,45.00%,$3.50,$3.63,
Cherry Belle Radish,Camas Swale Farm,bu,$2.00,40.00%,45.00%,$2.80,$2.90,
Cone Cabbage,Camas Swale Farm,ea,$2.50,40.00%,45.00%,$3.50,$3.63,
Dino Lacinato Kale,Camas Swale Farm,bu,$2.00,40.00%,45.00%,$2.80,$2.90,
Fresh Red Onion,Camas Swale Farm,pound,$1.60,40.00%,45.00%,$2.24,$2.32,
Fresh Sweet Onion,Camas Swale Farm,pound,$1.45,40.00%,45.00%,$2.03,$2.10,
Fresno Peppers,Camas Swale Farm,1 lb,$5.00,55.00%,60.00%,$7.75,$8.00,
Garlic Scapes,Camas Swale Farm,bunch,$2.50,40.00%,45.00%,$3.50,$3.63,
Green beans,Camas Swale Farm,pound,$4.50,40.00%,45.00%,$6.30,$6.53,
Green Bell Pepper,Camas Swale Farm,1 lb,$2.50,40.00%,45.00%,$3.50,$3.63,
Green Curly Kale,Camas Swale Farm,each,$2.00,40.00%,45.00%,$2.80,$2.90,
Green garlic,Camas Swale Farm,bu,$2.35,40.00%,45.00%,$3.29,$3.41,
Green Italian Frying Pepper,Camas Swale Farm,each,$2.50,40.00%,45.00%,$3.50,$3.63,
Green Kabocha,Camas Swale Farm,ea,$4.00,40.00%,45.00%,$5.60,$5.80,
Green Scallions,Camas Swale Farm,each,$2.00,40.00%,45.00%,$2.80,$2.90,
Ho mi Zi (asian mustard heads),Camas Swale Farm,each,$2.00,40.00%,45.00%,$2.80,$2.90,
Honeynut squash,Camas Swale Farm,ea,$3.00,40.00%,45.00%,$4.20,$4.35,
Honeynut Squash,Camas Swale Farm,each,$3.25,40.00%,45.00%,$4.55,$4.71,
Hot habanero,Camas Swale Farm,lb,$5.00,40.00%,45.00%,$7.00,$7.25,
Italian Eggplant,Camas Swale Farm,pound,$2.80,40.00%,45.00%,$3.92,$4.06,
Jalapeno,Camas Swale Farm,lb,$4.00,40.00%,45.00%,$5.60,$5.80,
Mild habanero,Camas Swale Farm,lb,$6.00,40.00%,45.00%,$8.40,$8.70,
Natsu Cocoa watermelon,Camas Swale Farm,ea,$5.85,40.00%,45.00%,$8.19,$8.48,
Pickling Cucumber,Camas Swale Farm,1 lb,$2.50,40.00%,45.00%,$3.50,$3.63,
Poblano Peppers,Camas Swale Farm,1 lb,$4.50,40.00%,45.00%,$6.30,$6.53,
Purple curly kale,Camas Swale Farm,ea,$2.00,40.00%,45.00%,$2.80,$2.90,
Rainbow Carrots,Camas Swale Farm,1 bunch,$2.50,40.00%,45.00%,$3.50,$3.63,
Rainbow Carrots,Camas Swale Farm,1 lb,$1.50,40.00%,45.00%,$2.10,$2.18,
Red Bell Pepper,Camas Swale Farm,lb,$3.50,40.00%,45.00%,$4.90,$5.08,
Red Bell Peppers,Camas Swale Farm,each,$5.50,40.00%,45.00%,$7.70,$7.98,
Red Butterhead Lettuce,Camas Swale Farm,each,$2.00,40.00%,45.00%,$2.80,$2.90,
Red Cherry Tomatoes,Camas Swale Farm,each,$3.50,40.00%,45.00%,$4.90,$5.08,
Red Jimmy Nardello Peppers,Camas Swale Farm,1 lb,$4.00,40.00%,45.00%,$5.60,$5.80,
Romanesco,Camas Swale Farm,1 lb,$2.50,40.00%,45.00%,$3.50,$3.63,
Salanova Lettuce Mix,Camas Swale Farm,1/2 lb bag,$4.00,40.00%,45.00%,$5.60,$5.80,
Santa Fe Peppers,Camas Swale Farm,pound,$5.00,40.00%,45.00%,$7.00,$7.25,
Serrano pepper,Camas Swale Farm,1 lb,$4.00,40.00%,45.00%,$5.60,$5.80,
Shallots,Camas Swale Farm,1 lb,$3.50,40.00%,45.00%,$4.90,$5.08,
Shishito Pepper Pint,Camas Swale Farm,each,$2.75,50.00%,55.00%,$4.13,$4.26,
Stripped Zucchini,Camas Swale Farm,1 lb,$2.50,40.00%,45.00%,$3.50,$3.63,
Sugar Snap Peas,Camas Swale Farm,1/2 lb,$2.95,40.00%,45.00%,$4.13,$4.28,
Sungold Cherry Tomato Pint,Camas Swale Farm,each,$3.50,40.00%,45.00%,$4.90,$5.08,
Sweet Italian Peppers,Camas Swale Farm,each,$3.35,40.00%,45.00%,$4.69,$4.86,
Swiss Chard,Camas Swale Farm,each,$3.25,40.00%,45.00%,$4.55,$4.71,
Tomatillos,Camas Swale Farm,pound,$3.40,40.00%,45.00%,$4.76,$4.93,
Tropea onion,Camas Swale Farm,bu,$2.35,40.00%,45.00%,$3.29,$3.41,
Turkish Long Eggplant,Camas Swale Farm,1 lb,$2.80,40.00%,45.00%,$3.92,$4.06,
Yellow Italian Frying Pepper,Camas Swale Farm,1 lb,$2.75,40.00%,45.00%,$3.85,$3.99,
"Catalan Paprika-Rubbed Cheese, 4.8-5.8 oz","Creamy Cow, LLC",4.8-5.8 oz,$8.98,60.00%,65.00%,$14.37,$14.82,
"Catalan Paprika-Rubbed Cheese, 5.9-6.9 oz","Creamy Cow, LLC",5.9-6.9 oz,$11.24,60.00%,65.00%,$17.98,$18.55,
"Catalan Paprika-Rubbed Cheese, 7-8 oz","Creamy Cow, LLC",7-8 oz,$11.84,60.00%,65.00%,$18.94,$19.54,
"Gogo Gouda Cheese, 4 Month Aged, 4.8-5.8 oz","Creamy Cow, LLC",4.8-5.8oz,$8.98,40.00%,45.00%,$12.57,$13.02,
"Gogo Gouda Cheese, 4 Month Aged, 5.9-6.9 oz","Creamy Cow, LLC",5.9 -6.9 oz,$11.24,40.00%,45.00%,$15.74,$16.30,
"Gogo Gouda Cheese, 4 Month Aged, 7.0-8.0 oz","Creamy Cow, LLC",7.0-8.0 oz,$11.84,40.00%,45.00%,$16.58,$17.17,
"Heidi of the Hills Cheese, 18 Month Aged,  4.8-5.8 oz","Creamy Cow, LLC",4.8-5.8 oz,$9.98,40.00%,45.00%,$13.97,$14.47,
"Heidi of the Hills Cheese, 18 Month Aged,  5.9-6.9 oz","Creamy Cow, LLC",5.9-6.9 oz,$11.24,40.00%,45.00%,$15.74,$16.30,
"Heidi of the Hills Cheese, 18 Month Aged, 7-8 oz","Creamy Cow, LLC",7-8oz,$12.98,40.00%,45.00%,$18.17,$18.82,
"Henni Penni Hispanico Cheese, 4 Month Aged,  5.9-6.9 oz","Creamy Cow, LLC",5.9-6.9 oz,$11.24,40.00%,45.00%,$15.74,$16.30,
"Henni Penni Hispanico Cheese, 4 Month Aged,  7-8 oz","Creamy Cow, LLC",7-8 oz,$11.84,40.00%,45.00%,$16.58,$17.17,
"Henni Penni Hispanico Cheese, 4 Month Aged, 4.8-5.8 oz","Creamy Cow, LLC",4.8-5.8 oz,$8.98,40.00%,45.00%,$12.57,$13.02,
"Henni Penni Hispanico Special 18 month Reserve, 4.8-5.8 oz","Creamy Cow, LLC",4.8-5.8 oz,$9.98,60.00%,65.00%,$15.97,$16.47,
"Henni Penni Hispanico Special 18 month Reserve, 5.9-6.9 oz","Creamy Cow, LLC",5.9-6.9 oz,$11.98,60.00%,65.00%,$19.17,$19.77,
"Henni Penni Hispanico Special 18 month Reserve, 7-8 oz","Creamy Cow, LLC",7-8 oz,$12.98,60.00%,65.00%,$20.77,$21.42,
Hestia Feta Cheese (4.8–5.8 oz),"Creamy Cow, LLC",4.8–5.8 oz,$7.31,65.74%,70.74%,$12.12,$12.48,
Hestia Feta Cheese (5.9–6.9 oz),"Creamy Cow, LLC",5.9–6.9 oz,$8.12,65.74%,70.74%,$13.46,$13.86,
"Live Culture Yogurt, 1 quart","Creamy Cow, LLC",1 quart,$10.00,40.00%,45.00%,$14.00,$14.50,
"Live Culture Yogurt, 8oz","Creamy Cow, LLC",8 oz,$6.00,40.00%,45.00%,$8.40,$8.70,
"Live Culture Yogurt, glass jar 1 pint","Creamy Cow, LLC",1 pint,$9.00,66.00%,71.00%,$14.94,$15.39,
"Lucianna Toma Rustica Cheese, 4 Month Aged, 4.8-5.8 oz","Creamy Cow, LLC",4.8-5.8 oz,$8.98,40.00%,45.00%,$12.57,$13.02,
"Lucianna Toma Rustica Cheese, 4 Month Aged, 5.9-6.9 oz","Creamy Cow, LLC",5.9-6.9oz,$11.24,40.00%,45.00%,$15.74,$16.30,
"Lucianna Toma Rustica Cheese, 4 Month Aged, 7-8 oz","Creamy Cow, LLC",7-8 oz,$11.84,40.00%,45.00%,$16.58,$17.17,
"Ophelia Asiago Cheese  - Special 12 month Aged, 5.9-6.9 oz","Creamy Cow, LLC",5.9 -6.9oz,$11.98,40.00%,45.00%,$16.77,$17.37,
"Ophelia Asiago Cheese  - Special 12 month Aged, 7-8 oz","Creamy Cow, LLC",7-8 oz,$12.98,40.00%,45.00%,$18.17,$18.82,
"Ophelia Asiago Cheese - Special 12 month Aged, 4.8-5.8 oz","Creamy Cow, LLC",4.8-5.8 oz,$9.98,40.00%,45.00%,$13.97,$14.47,
"Ophelia Asiago Cheese, 4 Month Aged, 4.8-5.8 oz","Creamy Cow, LLC",4.8-5.8 oz,$8.98,40.00%,45.00%,$12.57,$13.02,
"Ophelia Asiago Cheese, 4 Month Aged, 5.9-6.9 oz","Creamy Cow, LLC",5.9 -6.9oz,$11.24,40.00%,45.00%,$15.74,$16.30,
"Ophelia Asiago Cheese, 4 Month Aged, 7-8 oz","Creamy Cow, LLC",7-8 oz,$11.84,40.00%,45.00%,$16.58,$17.17,
Raw A2/A2 Milk,"Creamy Cow, LLC",1/2 gallon,$15.00,40.00%,45.00%,$21.00,$21.75,
Raw Cultured Butter,"Creamy Cow, LLC",0.5 lbs,$14.00,40.00%,45.00%,$19.60,$20.30,
Raw Cultured Buttermilk,"Creamy Cow, LLC",1 quart,$11.00,36.40%,41.40%,$15.00,$15.55,
Raw Farmer's Cheese,"Creamy Cow, LLC",12 oz,$10.00,40.00%,45.00%,$14.00,$14.50,
Raw Fresh Sweet Cream,"Creamy Cow, LLC",1 pint,$10.00,40.00%,45.00%,$14.00,$14.50,
"Raw Fresh Whole Milk, 1/2 gallon","Creamy Cow, LLC",1/2 gallon,$10.00,50.00%,55.00%,$15.00,$15.50,
"Raw Fresh Whole Milk, 1/4 gallon","Creamy Cow, LLC",1/4 gallon,$6.00,40.00%,45.00%,$8.40,$8.70,
Raw Sweet Cream Butter,"Creamy Cow, LLC",0.5 lbs,$12.00,40.00%,45.00%,$16.80,$17.40,
Raw Whey,"Creamy Cow, LLC",1 quart,$7.00,50.00%,55.00%,$10.50,$10.85,
"Shredded Alpine Cheese Blend, 6oz","Creamy Cow, LLC",6 oz bag,$10.79,60.00%,65.00%,$17.26,$17.80,
Sour Cream,"Creamy Cow, LLC",package,$12.00,40.00%,45.00%,$16.80,$17.40,
Creole Masala Spice Blend,Creole Me Up,3 oz jar,$6.85,40.00%,45.00%,$9.59,$9.93,
"The ""Real Sassy"" Creole Spice Blend",Creole Me Up,3 oz jar,$6.75,40.00%,45.00%,$9.45,$9.79,
"The ""Wanna Be Sassy"" Creole Spice Blend",Creole Me Up,3 oz jar,$6.89,40.00%,45.00%,$9.65,$9.99,
Baby Back Ribs,Deck Family Farm,0.90 - 1.50 lbs,$11.69,65.74%,70.74%,$19.38,$19.96,$18.00
"Bacon Ends & Pieces, Pork",Deck Family Farm,8 oz,$5.95,65.74%,70.74%,$9.86,$10.16,$11.00
"Bacon, Pork",Deck Family Farm,8 oz,$7.04,65.74%,70.74%,$11.67,$12.02,$13.00
Bavette Steak,Deck Family Farm,0.9 - 1.6 lbs,$17.59,65.74%,70.74%,$29.15,$30.03,$26.00
Beef Back Ribs,Deck Family Farm,2.00 - 3.00 lbs,$21.65,65.74%,70.74%,$35.88,$36.97,$16.50
Beef Bones,Deck Family Farm,3.00 - 5.00 lbs,$5.95,65.74%,70.74%,$9.86,$10.16,$10.00
Beef Flat Iron Steak,Deck Family Farm,0.70 - 1.10 lbs,$12.66,65.74%,70.74%,$20.98,$21.62,$26.00
Beef Heart,Deck Family Farm,2.50 - 3.5 lbs,$15.42,65.74%,70.74%,$25.56,$26.33,$9.50
Beef Kidney,Deck Family Farm,0.80 - 1.00 lbs,$7.31,66.00%,71.00%,$12.13,$12.50,$15.00
Beef Liver,Deck Family Farm,0.90 - 1.30 lbs,$8.93,66.00%,71.00%,$14.82,$15.27,$15.00
Beef Marrow Bones,Deck Family Farm,3.00 - 5.00 lbs,$8.12,65.74%,70.74%,$13.46,$13.86,$15.00
Beef Oxtail,Deck Family Farm,1.40 - 1.90 lbs,$11.61,65.74%,70.74%,$19.24,$19.82,$13.00
Beef Shank Osso Buco,Deck Family Farm,2.10 - 2.40 lbs,$23.75,65.74%,70.74%,$39.36,$40.55,$19.50
Beef Short Rib,Deck Family Farm,1.30 - 2.10 lbs,$17.94,65.74%,70.74%,$29.73,$30.63,$19.50
Beef Stew Meat,Deck Family Farm,1.1 - 1.3 lbs,$12.01,65.74%,70.74%,$19.91,$20.51,$18.50
Beef Tenderloin,Deck Family Farm,0.40 - 0.70 lbs,$12.80,65.74%,70.74%,$21.21,$21.85,$42.00
Beef Tongue,Deck Family Farm,2.50 - 3.00 lbs,$14.14,65.74%,70.74%,$23.44,$24.14,$9.50
Beef Tri-Tip,Deck Family Farm,1.90 - 2.20 lbs,$23.30,65.74%,70.74%,$38.62,$39.78,$21.00
Bratwurst,Deck Family Farm,12 oz,$10.55,65.74%,70.74%,$17.49,$18.01,$19.50
"Brisket, Large",Deck Family Farm,"Large, 4.00 - 5.00 lbs",$38.97,65.74%,70.74%,$64.59,$66.54,$16.00
"Brisket, Medium",Deck Family Farm,"Medium, 3.00 - 3.99 lbs",$32.16,65.74%,70.74%,$53.30,$54.91,$17.00
"Brisket, Small",Deck Family Farm,"Small, 2.30 - 2.99 lbs",$25.77,65.74%,70.74%,$42.71,$44.00,
"Broad Breasted White Thanksgiving Turkeys, Medium",Deck Family Farm,12.01 - 14.00  lbs,$62.24,65.74%,70.74%,$103.16,$106.27,$115.00
"Broad Breasted White Turkeys, Large",Deck Family Farm,14.01 - 16.00 lbs,$70.36,65.74%,70.74%,$116.61,$120.13,
"Broad Breasted White Turkeys, Small",Deck Family Farm,9 - 12  lbs,$51.41,65.74%,70.74%,$85.21,$87.78,
Bulk Hot Italian Sausage,Deck Family Farm,ea,$8.93,65.74%,70.74%,$14.80,$15.25,
"Chicken Feet, 1lb bag",Deck Family Farm,1 lb bag,$5.14,65.74%,70.74%,$8.52,$8.78,
Chicken Gizzards,Deck Family Farm,1/2 lb pk,$6.50,65.74%,70.74%,$10.77,$11.10,
Chicken Hearts,Deck Family Farm,1/2 lb bag,$5.14,66.00%,71.00%,$8.53,$8.79,
Chicken Liver,Deck Family Farm,1/2 lb bag,$5.14,65.74%,70.74%,$8.52,$8.78,
"Chicken Part, Breast, Bone-In",Deck Family Farm,1.30 - 1.70 lbs,$9.74,65.74%,70.74%,$16.14,$16.63,$12.00
"Chicken Part, Hindquarter",Deck Family Farm,1.00 - 1.50 lbs,$8.12,65.74%,70.74%,$13.46,$13.86,
"Chicken Part, Wings",Deck Family Farm,1.50 - 2.00,$11.37,65.74%,70.74%,$18.84,$19.41,
Chuck roast,Deck Family Farm,2.30 - 2.90 lbs,$22.51,65.74%,70.74%,$37.31,$38.43,$16.00
"Cornish Roasting Chicken, Extra Large",Deck Family Farm,"Extra Large, 5.00 - 6.00 lbs",$23.81,49.18%,54.18%,$35.52,$36.71,
"Cornish Roasting Chicken, Large",Deck Family Farm,"Large, 4.21 - 4.99 lbs",$21.16,49.15%,54.15%,$31.56,$32.62,
"Cornish Roasting Chicken, Medium",Deck Family Farm,"Medium, 3.20 - 4.20 lbs",$18.02,49.17%,54.17%,$26.88,$27.78,
"Cornish Roasting Chicken, Small",Deck Family Farm,"Small, 2.50 - 3.19 lbs",$14.63,49.15%,54.15%,$21.82,$22.55,
"Country Sausage, Bulk",Deck Family Farm,12 oz,$8.39,65.74%,70.74%,$13.91,$14.33,$15.50
CRX Drumsticks,Deck Family Farm,ea,$8.12,65.74%,70.74%,$13.46,$13.86,
CRX Thighs,Deck Family Farm,1.00 - 1.50 lbs,$8.12,65.74%,70.74%,$13.46,$13.86,
Flank Steak,Deck Family Farm,1.10 - 1.40 lbs,$17.59,65.74%,70.74%,$29.15,$30.03,$26.00
Fresh Garlic Sausage Links,Deck Family Farm,12 oz,$10.55,65.74%,70.74%,$17.49,$18.01,
Ground Lamb,Deck Family Farm,1.00 lbs,$9.20,65.74%,70.74%,$15.25,$15.71,$17.00
Ground Pork,Deck Family Farm,1.00 lbs,$6.49,32.67%,37.67%,$8.61,$8.93,$9.60
Hamburger Patties,Deck Family Farm,1.00 lbs,$8.39,65.74%,70.74%,$13.91,$14.33,$15.50
Hanger Steak,Deck Family Farm,0.40 - 0.70 lbs,$7.74,65.74%,70.74%,$12.83,$13.22,$26.00
"Heritage Thanksgiving Turkey, Small",Deck Family Farm,9 - 12  lbs,$56.83,65.74%,70.74%,$94.19,$97.03,
"Heritage Turkeys, Large",Deck Family Farm,14.01 - 16.00  lbs,$75.77,65.74%,70.74%,$125.58,$129.37,
"Heritage Turkeys, Medium",Deck Family Farm,12.01 - 14.00 lbs,$67.65,65.74%,70.74%,$112.12,$115.51,
"Honey Maple Ham, Ends & Pieces",Deck Family Farm,8 oz,$7.80,38.00%,43.00%,$10.76,$11.15,
"Honey Maple Ham, Sliced",Deck Family Farm,8 oz,$10.55,65.74%,70.74%,$17.49,$18.01,
"Honey, Bulk Raw",Deck Family Farm,4 gallon,$245.00,65.74%,70.74%,$406.06,$418.31,
Korean Style Beef Ribs,Deck Family Farm,1.20 - 1.40 lbs,$13.72,65.74%,70.74%,$22.74,$23.43,$19.50
Lamb Bones,Deck Family Farm,3.00 - 5.00 lbs,$5.41,65.74%,70.74%,$8.97,$9.24,$2.50
"Lamb Chops, 2 pack",Deck Family Farm,"2 pack, 0.70 - 1.10 lbs",$10.23,65.74%,70.74%,$16.96,$17.47,$21.00
"Lamb Chops, 4 pack",Deck Family Farm,"4 pack, 1.1 - 1.50 lbs",$19.89,49.17%,54.17%,$29.67,$30.66,
Lamb Garlic Sausage,Deck Family Farm,12 oz,$11.64,65.74%,70.74%,$19.29,$19.87,
Lamb Heart,Deck Family Farm,"2 pack, 0.8 - 1.1 lbs",$4.88,65.74%,70.74%,$8.09,$8.33,$9.50
Lamb Kabob,Deck Family Farm,1.1 - 1.35,$14.25,65.74%,70.74%,$23.62,$24.33,$21.50
Lamb Neck Slices,Deck Family Farm,1.10 - 1.50 lbs,$10.91,65.74%,70.74%,$18.08,$18.63,$21.50
Lamb Shank Osso Buco,Deck Family Farm,1.10 - 1.40 lbs,$9.47,65.74%,70.74%,$15.70,$16.17,$14.00
"Lamb Shank, Whole",Deck Family Farm,2.00 - 2.50 lbs,$14.61,65.74%,70.74%,$24.21,$24.95,$12.00
Lamb Shoulder Roast,Deck Family Farm,2.30 - 2.70 lbs,$27.06,65.74%,70.74%,$44.85,$46.20,$20.00
Lamb Stew,Deck Family Farm,0.90 - 1.10 lbs,$11.64,65.74%,70.74%,$19.29,$19.87,$21.50
Lamb Sundried Tomato Basil Sausage,Deck Family Farm,12 oz,$11.64,65.74%,70.74%,$19.29,$19.87,$21.50
"Landjaeger Jerky, 3 pack",Deck Family Farm,3 oz,$8.93,65.74%,70.74%,$14.80,$15.25,$16.50
Natural Ground Beef,Deck Family Farm,1 lbs,$6.49,65.74%,70.74%,$10.76,$11.08,$12.00
New York Steak,Deck Family Farm,0.50 - 0.90 lbs,$14.02,65.74%,70.74%,$23.24,$23.94,$37.00
Olympia Provisions Frankfurter,Deck Family Farm,12 oz,$10.82,65.74%,70.74%,$17.93,$18.47,$20.00
Olympia Provisions Saucisson D'Arles Salami,Deck Family Farm,4.5 oz,$8.12,65.74%,70.74%,$13.46,$13.86,$15.00
"Olympia Provisions, Dog Treats",Deck Family Farm,5 oz,$9.74,65.74%,70.74%,$16.14,$16.63,$18.00
"Olympia Provisions, Rosette D'Oregon Salami",Deck Family Farm,4.5 oz,$10.82,65.74%,70.74%,$17.93,$18.47,$20.00
Organic Ground Beef,Deck Family Farm,1 lbs,$7.58,65.74%,70.74%,$12.56,$12.94,$14.00
"Pastrami, Ends & Pieces",Deck Family Farm,8 oz,$7.80,65.74%,70.74%,$12.93,$13.32,
"Pastrami, Sliced",Deck Family Farm,8 oz,$10.82,65.74%,70.74%,$17.93,$18.47,$20.00
Peppered Knife Cut Beef Jerky,Deck Family Farm,3 oz,$9.74,65.74%,70.74%,$16.14,$16.63,$18.00
Pepperoni stick,Deck Family Farm,6 oz,$10.82,65.74%,70.74%,$17.93,$18.47,$2.00
"Pet Food, Organ Blend",Deck Family Farm,1.00 lbs,$6.49,65.74%,70.74%,$10.76,$11.08,$12.00
Polish Kielbasa,Deck Family Farm,12 oz,$10.55,65.74%,70.74%,$17.49,$18.01,$19.50
Pork Bones,Deck Family Farm,3.00 - 5.00 lbs,$5.41,65.74%,70.74%,$8.97,$9.24,$2.50
"Pork Chop, Bone-in",Deck Family Farm,1.20 - 1.50 lbs,$11.69,65.74%,70.74%,$19.38,$19.96,
"Pork Chop, Boneless",Deck Family Farm,1.20 - 1.50 lbs,$13.15,65.74%,70.74%,$21.79,$22.45,
Pork Shank,Deck Family Farm,2.40 - 3.10 lbs,$25.30,65.74%,70.74%,$41.93,$43.20,$17.00
"Pork Shoulder Roast, Large",Deck Family Farm,"Large, 2.80 - 3.50 lbs",$30.69,65.74%,70.74%,$50.87,$52.40,$18.00
"Pork Shoulder Roast, Small",Deck Family Farm,"Small, 2.00 - 2.79 lbs",$23.33,65.74%,70.74%,$38.67,$39.83,
Pork Spare Ribs,Deck Family Farm,2.00 - 3.00 lbs,$19.62,65.74%,70.74%,$32.52,$33.50,$14.50
Pork Tenderloin,Deck Family Farm,0.80 - 1.30 lbs,$8.24,65.74%,70.74%,$13.66,$14.07,$14.50
Rack of Lamb,Deck Family Farm,2.50 - 3.10 lbs,$32.58,65.74%,70.74%,$54.00,$55.63,$21.50
"Raw Honey, 1 pint",Deck Family Farm,1 pint,$14.07,65.74%,70.74%,$23.32,$24.02,$26.00
"Raw Honey, 1 quart",Deck Family Farm,1 quart,$25.71,65.74%,70.74%,$42.61,$43.90,$47.50
"Raw Honey, 1/2 pint",Deck Family Farm,1/2 pint,$9.20,65.74%,70.74%,$15.25,$15.71,$17.00
"Raw Walnuts, 1 lb",Deck Family Farm,1 lb,$13.53,65.74%,70.74%,$22.42,$23.10,
"Raw Walnuts, 1/2 lb",Deck Family Farm,1/2 lb,$7.58,65.74%,70.74%,$12.56,$12.94,$14.00
"Red Ranger Roasting Chicken, Large",Deck Family Farm,"Large, 5.01 - 5.70 lbs",$28.98,65.74%,70.74%,$48.03,$49.48,$10.00
"Red Ranger Roasting Chicken, Medium",Deck Family Farm,"Medium, 4.01 - 5.00 lbs",$24.38,65.74%,70.74%,$40.41,$41.63,
"Red Ranger Roasting Chicken, Small",Deck Family Farm,"Small, 3.00 - 4.00 lbs",$18.94,65.74%,70.74%,$31.39,$32.34,
Ribeye Steak,Deck Family Farm,0.80 - 1.10 lbs,$20.82,65.74%,70.74%,$34.51,$35.55,$40.50
"Roast Beef, Ends & Pieces",Deck Family Farm,8 oz,$7.80,38.00%,43.00%,$10.76,$11.15,
"Roast Beef, Sliced",Deck Family Farm,8 oz,$10.82,65.74%,70.74%,$17.93,$18.47,$20.00
Sage & Sea Salt Sausage,Deck Family Farm,8 oz,$8.93,49.16%,54.16%,$13.32,$13.77,$13.85
"Skirt Steak, Large",Deck Family Farm,"Large, .80 - 1.20 lbs",$14.07,65.74%,70.74%,$23.32,$24.02,$26.00
"Skirt Steak, Small",Deck Family Farm,"Small, 0.40 - 0.79 lbs",$8.37,65.74%,70.74%,$13.87,$14.29,
Small Organic Pasture Raised Chicken Eggs,Deck Family Farm,1 dozen,$5.41,65.74%,70.74%,$8.97,$9.24,
Smoked Pork Hocks -Skin-on and Smoked,Deck Family Farm,0.8 - 1.2 lbs,$8.93,65.74%,70.74%,$14.80,$15.25,
Smoked Pork Shanks - Skin-on and Smoked,Deck Family Farm,2 - 2.5 lbs,$8.93,65.74%,70.74%,$14.80,$15.25,$16.50
Stewing Hen,Deck Family Farm,2 - 3 lbs,$11.91,65.74%,70.74%,$19.74,$20.34,$18.50
Summer Sausage,Deck Family Farm,8 oz,$9.20,65.74%,70.74%,$15.25,$15.71,$17.00
Sweet Italian Sausage Links,Deck Family Farm,12 oz,$10.55,65.74%,70.74%,$17.49,$18.01,$19.50
Tamari Pressed Beef Jerky,Deck Family Farm,3 oz,$5.41,65.74%,70.74%,$8.97,$9.24,$10.00
Tamari Pressed Beef Jerky - 12 oz,Deck Family Farm,12 oz,$18.40,65.74%,70.74%,$30.50,$31.42,$34.00
Teres Major Steak,Deck Family Farm,0.40 - 0.70 lbs,$7.74,65.74%,70.74%,$12.83,$13.22,$26.00
Top Sirloin Steak,Deck Family Farm,1.30 - 1.60 lbs,$19.62,65.74%,70.74%,$32.52,$33.50,$26.00
Turkey Feet,Deck Family Farm,2 lb bag,$6.49,65.74%,70.74%,$10.76,$11.08,
Unrendered Beef Tallow,Deck Family Farm,2.00 - 3.70 lbs,$7.71,65.74%,70.74%,$12.78,$13.16,
Blueberry Maple Sausage Links,Deck Family Farm's Hyland Artisinal Meats,4 links/ pack 14 oz pack,$10.82,65.74%,70.74%,$17.93,$18.47,
Bulk English Breakfast Sausage,Deck Family Farm's Hyland Artisinal Meats,12 oz,$8.93,65.74%,70.74%,$14.80,$15.25,$16.50
Bulk Farm Made Chorizo Sausage,Deck Family Farm's Hyland Artisinal Meats,12 oz,$9.74,65.74%,70.74%,$16.14,$16.63,$18.00
Bulk Thai Curry Sausage,Deck Family Farm's Hyland Artisinal Meats,12 oz,$8.93,65.74%,70.74%,$14.80,$15.25,$16.50
Cajun Chaurice Sausage Links,Deck Family Farm's Hyland Artisinal Meats,4 links/ pack 14 oz pack,$10.82,65.74%,70.74%,$17.93,$18.47,$20.00
Chorizo Verde,Deck Family Farm's Hyland Artisinal Meats,4 links/ pack 14 oz pack,$10.82,65.74%,70.74%,$17.93,$18.47,$20.00
Classic Beef Broth,Deck Family Farm's Hyland Artisinal Meats,1 quart,$7.85,65.74%,70.74%,$13.01,$13.40,$14.50
Classic Meatballs,Deck Family Farm's Hyland Artisinal Meats,12oz/13 Meatballs/Pack,$8.93,65.74%,70.74%,$14.80,$15.25,
Classic Pork Broth,Deck Family Farm's Hyland Artisinal Meats,1 quart,$7.85,65.74%,70.74%,$13.01,$13.40,$14.50
Classic Pork Broth,Deck Family Farm's Hyland Artisinal Meats,1 quart,$7.85,65.74%,70.74%,$13.01,$13.40,$14.50
Classic Turkey Broth,Deck Family Farm's Hyland Artisinal Meats,1 quart,$7.85,65.74%,70.74%,$13.01,$13.40,
English Banger Sausage Links,Deck Family Farm's Hyland Artisinal Meats,4 links/ pack 14 oz pack,$9.74,65.74%,70.74%,$16.14,$16.63,
Grass-Fed Organ Blend,Deck Family Farm's Hyland Artisinal Meats,1 lb pack,$8.12,65.74%,70.74%,$13.46,$13.86,$15.00
Greek Loukaniko Sausage Links,Deck Family Farm's Hyland Artisinal Meats,4 links/ pack 14 oz pack,$10.82,65.74%,70.74%,$17.93,$18.47,$20.00
Hot Italian Sausage Links,Deck Family Farm's Hyland Artisinal Meats,4 links/ pack 14 oz pack,$10.82,65.74%,70.74%,$17.93,$18.47,$20.00
Lamb Merguez Sausage Links,Deck Family Farm's Hyland Artisinal Meats,4 links/pack 14 oz pack,$12.99,65.74%,70.74%,$21.53,$22.18,$24.00
"Rendered Beef Tallow, 16 oz",Deck Family Farm's Hyland Artisinal Meats,16 oz,$10.82,65.74%,70.74%,$17.93,$18.47,$20.00
"Rendered Beef Tallow, 8 oz",Deck Family Farm's Hyland Artisinal Meats,8 oz,$5.41,65.74%,70.74%,$8.97,$9.24,$10.00
"Rendered Pork Leaf Lard, 16 oz",Deck Family Farm's Hyland Artisinal Meats,16 oz,$8.66,65.74%,70.74%,$14.35,$14.79,$16.00
"Rendered Pork Leaf Lard, 8 oz",Deck Family Farm's Hyland Artisinal Meats,8 oz,$5.41,65.74%,70.74%,$8.97,$9.24,$10.00
Summer Herb Lamb Sausage Links,Deck Family Farm's Hyland Artisinal Meats,4 links/ pack 14 oz pack,$11.91,65.74%,70.74%,$19.74,$20.34,
Swedish Sausage Potato Dumplings,Deck Family Farm's Hyland Artisinal Meats,13oz/ 10 Dumplings/Pack,$10.82,65.74%,70.74%,$17.93,$18.47,$20.00
Thai Curry Sausage Links,Deck Family Farm's Hyland Artisinal Meats,4 links/ pack 14 oz pack,$10.82,65.74%,70.74%,$17.93,$18.47,$20.00
Gluten Free Apple Pie,Elegant Elephant Baking Co.,"6""",$7.50,40.00%,45.00%,$10.50,$10.88,
Gluten Free Banana Cream Pie,Elegant Elephant Baking Co.,"6""",$8.00,40.00%,45.00%,$11.20,$11.60,
Gluten Free Blackberry Hand Pie,Elegant Elephant Baking Co.,each,$3.00,40.00%,45.00%,$4.20,$4.35,
Gluten Free Blueberry Scone,Elegant Elephant Baking Co.,each,$3.00,40.00%,45.00%,$4.20,$4.35,$3.00
Gluten Free Box of 5 Cupcakes,Elegant Elephant Baking Co.,each,$6.00,40.00%,45.00%,$8.40,$8.70,
Gluten Free Brownie Bite with Chocolate Chips,Elegant Elephant Baking Co.,each,$2.50,40.00%,45.00%,$3.50,$3.63,$2.50
Gluten Free Cheddar Rolls,Elegant Elephant Baking Co.,bag of 4,$6.25,40.00%,45.00%,$8.75,$9.06,
Gluten Free Chocolate Cream Pie,Elegant Elephant Baking Co.,"6""",$8.00,40.00%,45.00%,$11.20,$11.60,
Gluten Free Chocolate Donut,Elegant Elephant Baking Co.,each,$2.35,40.00%,45.00%,$3.29,$3.41,$2.35
Gluten Free Cinnamon Roll Pan,Elegant Elephant Baking Co.,"6""",$6.00,40.00%,45.00%,$8.40,$8.70,
Gluten Free Croutons,Elegant Elephant Baking Co.,each,$5.25,40.00%,45.00%,$7.35,$7.61,
Gluten Free Dinner Rolls,Elegant Elephant Baking Co.,bag of 6,$5.75,40.00%,45.00%,$8.05,$8.34,
Gluten Free Half Almond Loaf Sliced,Elegant Elephant Baking Co.,each,$5.00,40.00%,45.00%,$7.00,$7.25,
Gluten Free Mini Banana Bread Loaf,Elegant Elephant Baking Co.,each,$5.00,40.00%,45.00%,$7.00,$7.25,
Gluten Free Mixed Berry Pie,Elegant Elephant Baking Co.,"9""",$17.00,40.00%,45.00%,$23.80,$24.65,
Gluten Free Pizza Dough,Elegant Elephant Baking Co.,22 oz. each,$4.75,40.00%,45.00%,$6.65,$6.89,
Gluten Free Potato Loaf with Teff,Elegant Elephant Baking Co.,each,$7.00,40.00%,45.00%,$9.80,$10.15,
Gluten Free Seven Layer Cookie,Elegant Elephant Baking Co.,each,$2.50,40.00%,45.00%,$3.50,$3.63,
Gluten Free Sourdough Baguette,Elegant Elephant Baking Co.,each,$5.00,40.00%,45.00%,$7.00,$7.25,
Asian Pears,Falk Farm,1 lb,$2.00,40.00%,45.00%,$2.80,$2.90,
Black Gravenstein Apples,Falk Farm,1 lb,$1.50,40.00%,45.00%,$2.10,$2.18,
Brooks Plums,Falk Farm,1 lb,$2.00,40.00%,45.00%,$2.80,$2.90,
Bulk Mix Apples,Falk Farm,10 lb bag,$17.00,40.00%,45.00%,$23.80,$24.65,
Bulk Mix Apples,Falk Farm,5 lb bag,$9.00,40.00%,45.00%,$12.60,$13.05,
Bulk Mix Pears,Falk Farm,10 lb bag,$17.00,40.00%,45.00%,$23.80,$24.65,
Bulk Mix Pears,Falk Farm,5 lb bag,$9.00,40.00%,45.00%,$12.60,$13.05,
Burbank Red Ace Plums,Falk Farm,lb,$2.00,40.00%,45.00%,$2.80,$2.90,
Fresh Frozen Elderberries,Falk Farm,3 lb bag,$45.00,40.00%,45.00%,$63.00,$65.25,
Green Gage Plums,Falk Farm,1 lb,$2.00,40.00%,45.00%,$2.80,$2.90,
Italian Plum,Falk Farm,lb,$2.00,40.00%,45.00%,$2.80,$2.90,
Kiwi Berries,Falk Farm,1/2 pt,$5.00,40.00%,45.00%,$7.00,$7.25,
Naravilla and Laturilla Figs,Falk Farm,pack,$6.00,40.00%,45.00%,$8.40,$8.70,
Satsuma plums,Falk Farm,lb,$2.00,40.00%,45.00%,$2.80,$2.90,
Seckel Pears,Falk Farm,lb,$3.00,40.00%,45.00%,$4.20,$4.35,
Stanley Plums,Falk Farm,lb,$2.00,40.00%,45.00%,$2.80,$2.90,
Stark Yellow Peaches,Falk Farm,lb,$3.00,40.00%,45.00%,$4.20,$4.35,
Suncrest Peach,Falk Farm,1 lb,$3.00,40.00%,45.00%,$4.20,$4.35,
Roasted Hazelnuts 12 oz.,Farmhands Co-Op,12 oz bag,$12.70,40.00%,45.00%,$17.78,$18.42,
Roasted Hazelnuts 4 oz,Farmhands Co-Op,4 oz bag,$4.50,40.00%,45.00%,$6.30,$6.53,
Autumn Frost Squash Large,Full Farm CSA,ea,$6.00,40.00%,45.00%,$8.40,$8.70,
Blueberries,Full Farm CSA,1 pint,$4.00,40.00%,45.00%,$5.60,$5.80,
Breakfast Bundle,Full Farm CSA,Each,$48.33,55.00%,60.00%,$74.91,$77.33,
Butternut Squash,Full Farm CSA,3-4 lbs each,$2.92,40.00%,45.00%,$4.09,$4.23,
Chioggia Beets,Full Farm CSA,1 Lb,$1.00,40.00%,45.00%,$1.40,$1.45,
Collard Raab,Full Farm CSA,bu,$2.50,40.00%,45.00%,$3.50,$3.63,
Deck Family Farm & Full Farm CSA Hoodie,Full Farm CSA,Large,$35.00,30.00%,35.00%,$45.50,$47.25,
Deck Family Farm & Full Farm CSA Hoodie,Full Farm CSA,Medium,$35.00,30.00%,35.00%,$45.50,$47.25,
Deck Family Farm & Full Farm CSA Hoodie,Full Farm CSA,Small,$35.00,30.00%,35.00%,$45.50,$47.25,
Deck Family Farm & Full Farm CSA Hoodie,Full Farm CSA,Xtra Large,$35.00,30.00%,35.00%,$45.50,$47.25,
Deck Family Farm & Full Farm CSA T-Shirt,Full Farm CSA,Large,$17.00,40.00%,45.00%,$23.80,$24.65,
Deck Family Farm & Full Farm CSA T-Shirt,Full Farm CSA,Medium,$17.00,40.00%,45.00%,$23.80,$24.65,
Deck Family Farm & Full Farm CSA T-Shirt,Full Farm CSA,Xtra Small,$17.00,40.00%,45.00%,$23.80,$24.65,
Deck Family Farm and Full Farm CSA Hat,Full Farm CSA,ea,$13.00,40.00%,45.00%,$18.20,$18.85,
Deck Family Farm Insulated Bag,Full Farm CSA,Blue Bag,$17.72,40.00%,45.00%,$24.81,$25.69,$17.72
Deck Family Farm Insulated Bag,Full Farm CSA,Orange Bag,$17.72,40.00%,45.00%,$24.81,$25.69,
Dinner in a Box: Ground Lamb Bundle,Full Farm CSA,Each,$44.98,44.00%,49.00%,$64.77,$67.02,
Dinner in a Box: Ground Lamb Bundle No Yogurt,Full Farm CSA,Each,$35.98,44.00%,49.00%,$51.81,$53.61,
Dinner in a Box: Pork Shoulder Roast,Full Farm CSA,Each,$70.10,44.00%,49.00%,$100.94,$104.45,
Dinner in a Box: Pork Shoulder Roast-No Dairy,Full Farm CSA,Each,$60.10,44.00%,49.00%,$86.54,$89.55,
Dinner in a Box: Roasting Chicken,Full Farm CSA,Each,$65.15,44.00%,49.00%,$93.82,$97.07,
Dinner in a Box: Roasting Chicken - No Dairy,Full Farm CSA,Each,$55.15,44.00%,49.00%,$79.42,$82.17,
Dried and cured Inchellium Garlic,Full Farm CSA,lb,$8.00,40.00%,45.00%,$11.20,$11.60,
Frozen Blackberries,Full Farm CSA,lb,$10.00,40.00%,45.00%,$14.00,$14.50,
Frozen Blueberries,Full Farm CSA,~1.0 lbs,$4.50,40.00%,45.00%,$6.30,$6.53,
Frozen Raspberries,Full Farm CSA,1 lb,$8.00,40.00%,45.00%,$11.20,$11.60,
Frozen Strawberries,Full Farm CSA,~1 lbs,$7.00,40.00%,45.00%,$9.80,$10.15,
Ground Beef & Pork Bundle,Full Farm CSA,Each,$26.73,55.00%,60.00%,$41.43,$42.77,
Ground Meat Bundle,Full Farm CSA,Each,$33.10,55.00%,60.00%,$51.31,$52.96,
Hyland Processing Variety Pack,Full Farm CSA,Each,$43.34,55.00%,60.00%,$67.18,$69.34,
Mixed Red and Yellow Peppers,Full Farm CSA,lb,$4.00,40.00%,45.00%,$5.60,$5.80,
Orange Bell Pepper,Full Farm CSA,1 lb,$4.40,40.00%,45.00%,$6.16,$6.38,
Purple Top Turnip,Full Farm CSA,lb,$1.80,40.00%,45.00%,$2.52,$2.61,
Quince,Full Farm CSA,each,$1.50,40.00%,45.00%,$2.10,$2.18,
Rhubarb,Full Farm CSA,1 lb,$3.50,40.00%,45.00%,$4.90,$5.08,
Shishito Peppers,Full Farm CSA,1/2 lb,$3.00,40.00%,45.00%,$4.20,$4.35,
Tetsakabuto Winter Squash,Full Farm CSA,ea,$4.00,40.00%,45.00%,$5.60,$5.80,
Tote Bag,Full Farm CSA,ea,$13.00,40.00%,45.00%,$18.20,$18.85,
Tropea onion,Full Farm CSA,lb,$2.20,40.00%,45.00%,$3.08,$3.19,
Wildcraft Hot Sauce,Full Farm CSA,ea,$9.00,40.00%,45.00%,$12.60,$13.05,
Yacon Tuber,Full Farm CSA,1 lb,$2.50,40.00%,45.00%,$3.50,$3.63,
"""It Really Woks!"" Deodorant- Cedarwood and Fir",Granny Smith All Natural,2.5 oz ea,$10.50,40.00%,45.00%,$14.70,$15.23,
"""It Really Woks!"" Deodorant- Grapefruit",Granny Smith All Natural,2.5 oz ea,$10.50,40.00%,45.00%,$14.70,$15.23,
"""It Really Woks!"" Deodorant- Lavender",Granny Smith All Natural,2.5 oz ea,$10.50,40.00%,45.00%,$14.70,$15.23,
"""Sanitize Naturally"" Hand Sanitizer Spray w/ Lemongrass, Orange & Peppermint Essential Oils",Granny Smith All Natural,1 oz ea,$4.90,40.00%,45.00%,$6.86,$7.11,
Gardener's Scrub Soap Bar- Lemongrass and Rosemary,Granny Smith All Natural,4.5 oz ea,$5.95,40.00%,45.00%,$8.33,$8.63,
Lavender Goodness Soap Bar,Granny Smith All Natural,4.5 oz ea,$5.95,40.00%,45.00%,$8.33,$8.63,
Old King Charcoal Soap Bar- Cedarwood and Fir,Granny Smith All Natural,4.5 oz ea,$5.95,40.00%,45.00%,$8.33,$8.63,
Oregon Peppermint Fields Soap Bar,Granny Smith All Natural,4.5 oz ea,$5.95,40.00%,45.00%,$8.33,$8.63,
Shampoo Bar-  Honeysuckle,Granny Smith All Natural,4.5 oz ea,$5.95,40.00%,45.00%,$8.33,$8.63,
Shampoo Bar-  Lavender,Granny Smith All Natural,4.5 oz ea,$5.95,40.00%,45.00%,$8.33,$8.63,
Shampoo Bar-  Lemongrass,Granny Smith All Natural,4.5 oz ea,$5.95,40.00%,45.00%,$8.33,$8.63,
Travel Size Bug Repellent Stick,Granny Smith All Natural,0.5 oz ea,$5.95,40.00%,45.00%,$8.33,$8.63,
Travel Size Healing Stick,Granny Smith All Natural,0.35 oz ea,$4.90,40.00%,45.00%,$6.86,$7.11,
Travel Size Healing Stick,Granny Smith All Natural,0.5 oz ea,$5.95,40.00%,45.00%,$8.33,$8.63,
Travel Size Lotion Stick w/ Grapefruit Essential Oil,Granny Smith All Natural,0.5 oz ea,$5.95,40.00%,45.00%,$8.33,$8.63,
Travel Size Lotion Stick w/ Honeysuckle Essential Oil,Granny Smith All Natural,0.35 oz ea,$4.20,40.00%,45.00%,$5.88,$6.09,
Travel Size Lotion Stick w/ Honeysuckle Essential Oil,Granny Smith All Natural,0.5 oz ea,$5.95,40.00%,45.00%,$8.33,$8.63,
Travel Size Lotion Stick w/ Lavender Essential Oil & Charcoal,Granny Smith All Natural,0.5 oz ea,$5.95,40.00%,45.00%,$8.33,$8.63,
Travel Size Lotion Stick w/ Lemongrass & Orange Essential Oils & Turmeric,Granny Smith All Natural,0.35 oz ea,$4.20,40.00%,45.00%,$5.88,$6.09,
Travel Size Lotion Stick w/ Lemongrass & Orange Essential Oils & Turmeric,Granny Smith All Natural,0.5 oz ea,$5.95,40.00%,45.00%,$8.33,$8.63,
Virtuous Lemon Soap Bar,Granny Smith All Natural,4.5 oz ea,$5.95,40.00%,45.00%,$8.33,$8.63,
Baby Green Salad Mix (1/2 lb),Grazier's Garden,bag,$4.00,40.00%,45.00%,$5.60,$5.80,
Baby Kale (1/2lb),Grazier's Garden,bag,$4.00,40.00%,45.00%,$5.60,$5.80,
Blue Kuri Kabocha Squash,Grazier's Garden,ea,$4.00,40.00%,45.00%,$5.60,$5.80,
Broccoli Greens,Grazier's Garden,each,$4.25,40.00%,45.00%,$5.95,$6.16,
Bulk Carrots,Grazier's Garden,pound,$2.20,40.00%,45.00%,$3.08,$3.19,
Bulk Red Beets - 5lb. bag,Grazier's Garden,5lb. bag,$6.45,40.00%,45.00%,$9.03,$9.35,
Butternut Squash,Grazier's Garden,each,$3.50,40.00%,45.00%,$4.90,$5.08,
Carrot (Baby) Bunch,Grazier's Garden,bu,$2.70,40.00%,45.00%,$3.78,$3.92,
Cauliflower,Grazier's Garden,ea,$5.00,40.00%,45.00%,$7.00,$7.25,
Chesnok Red Garlic (Dried and Cured),Grazier's Garden,1/2 lb,$4.00,40.00%,45.00%,$5.60,$5.80,
Cornito Peppers,Grazier's Garden,pound,$3.75,40.00%,45.00%,$5.25,$5.44,
Dried English Lavender,Grazier's Garden,ea,$3.40,40.00%,45.00%,$4.76,$4.93,
Edible Calendula Flower,Grazier's Garden,each,$4.00,40.00%,45.00%,$5.60,$5.80,
French Breakfast Radish,Grazier's Garden,Bunch,$2.00,40.00%,45.00%,$2.80,$2.90,
Fresh Cherries,Grazier's Garden,1 pint,$4.50,40.00%,45.00%,$6.30,$6.53,
Fresh Chocolate Mint,Grazier's Garden,bu,$2.50,40.00%,45.00%,$3.50,$3.63,
Fresh Cilantro,Grazier's Garden,bunch,$3.00,40.00%,45.00%,$4.20,$4.35,
Fresh Lavender,Grazier's Garden,bu,$3.75,40.00%,45.00%,$5.25,$5.44,
Fresh Oregano,Grazier's Garden,Bunch,$2.00,40.00%,45.00%,$2.80,$2.90,
Fresh Sage,Grazier's Garden,bu,$2.85,40.00%,45.00%,$3.99,$4.13,
Fresh Spearmint,Grazier's Garden,Bunch,$2.00,40.00%,45.00%,$2.80,$2.90,
Fresh Strawberries,Grazier's Garden,each,$1.75,40.00%,45.00%,$2.45,$2.54,
Fresh Thyme,Grazier's Garden,each,$2.85,40.00%,45.00%,$3.99,$4.13,
Frozen Cherry Tomatoes,Grazier's Garden,1 lb,$3.75,40.00%,45.00%,$5.25,$5.44,
Frozen Golden Cherry Tomatoes,Grazier's Garden,lb,$4.00,40.00%,45.00%,$5.60,$5.80,
Frozen Heirloom Tomatoes,Grazier's Garden,Frozen Tomatoes,$1.50,40.00%,45.00%,$2.10,$2.18,
Frozen Pitted Cherries,Grazier's Garden,lb,$10.00,40.00%,45.00%,$14.00,$14.50,
Garlic Scapes,Grazier's Garden,bu,$2.00,40.00%,45.00%,$2.80,$2.90,
Grazier's Salad Mix,Grazier's Garden,1/2 lb,$4.00,40.00%,45.00%,$5.60,$5.80,
Heirloom Tomatoes,Grazier's Garden,pound,$3.25,40.00%,45.00%,$4.55,$4.71,
Honeydew Melon,Grazier's Garden,each,$6.65,40.00%,45.00%,$9.31,$9.64,
Italian Sweet Frying Peppers,Grazier's Garden,1 lb,$2.50,40.00%,45.00%,$3.50,$3.63,
Kale Raab,Grazier's Garden,bu,$3.50,40.00%,45.00%,$4.90,$5.08,
Lacinato Kale,Grazier's Garden,bu,$3.00,40.00%,45.00%,$4.20,$4.35,
Mini Watermelon,Grazier's Garden,pound,$2.00,40.00%,45.00%,$2.80,$2.90,
Mixed salad greens,Grazier's Garden,1/2 lb,$5.00,40.00%,45.00%,$7.00,$7.25,
Music Garlic (Dried and Cured),Grazier's Garden,1/2 lb,$4.00,40.00%,45.00%,$5.60,$5.80,
Oxheart Heirloom Tomatoes,Grazier's Garden,1 lb,$4.00,40.00%,45.00%,$5.60,$5.80,
Paste Tomatoes,Grazier's Garden,1 lb,$2.50,40.00%,45.00%,$3.50,$3.63,
Pehoski Purple Bulb Garlic,Grazier's Garden,1/2 lb,$5.00,40.00%,45.00%,$7.00,$7.25,
Pickled Garlic Scapes,Grazier's Garden,pt,$8.00,40.00%,45.00%,$11.20,$11.60,
Polish White Garlic (Dried and Cured),Grazier's Garden,1/2 lb,$4.00,40.00%,45.00%,$5.60,$5.80,
Purple Bell Peppers,Grazier's Garden,each,$2.00,40.00%,45.00%,$2.80,$2.90,
Purple Bell Peppers,Grazier's Garden,each,$2.00,40.00%,45.00%,$2.80,$2.90,
Purple Onion,Grazier's Garden,each,$4.75,40.00%,45.00%,$6.65,$6.89,
Purple Sprouting Broccoli,Grazier's Garden,each,$2.75,40.00%,45.00%,$3.85,$3.99,
Rainbow Chard,Grazier's Garden,each,$2.14,40.00%,45.00%,$3.00,$3.10,
Red Slicer Tomato,Grazier's Garden,lb,$2.00,40.00%,45.00%,$2.80,$2.90,
Red Slicer Tomatoes,Grazier's Garden,1 lb,$2.20,40.00%,45.00%,$3.08,$3.19,
Shishito Peppers,Grazier's Garden,Lb.,$2.25,40.00%,45.00%,$3.15,$3.26,
Sora Radish,Grazier's Garden,each,$2.00,40.00%,45.00%,$2.80,$2.90,
Spanish Onion,Grazier's Garden,pound,$3.75,40.00%,45.00%,$5.25,$5.44,
Speckled Roman Tomato,Grazier's Garden,1 lb,$4.25,40.00%,45.00%,$5.95,$6.16,
Spinach (1/2 lb),Grazier's Garden,bag,$4.30,40.00%,45.00%,$6.02,$6.24,
Winterbor Mixed Curly Kale Bunch,Grazier's Garden,bu,$3.00,40.00%,45.00%,$4.20,$4.35,
Yellow Summer Squash,Grazier's Garden,1 lb,$2.00,40.00%,45.00%,$2.80,$2.90,
Zinnia Bouquet,Grazier's Garden,ea,$6.75,40.00%,45.00%,$9.45,$9.79,
Zinnia Bunch,Grazier's Garden,bu,$4.00,40.00%,45.00%,$5.60,$5.80,
The Daily Jar Tote/Jar Bag: Organic Waxed Canvas-WFTO Certified,Jar Joy Goods,each,$41.95,40.00%,45.00%,$58.73,$60.83,
The Insulated Jar Tote/Jar Bag: Hemp + Natural Rubber (Yulex),Jar Joy Goods,each,$110.50,30.00%,35.00%,$143.65,$149.18,
Levitate Elixirs-Spiced Cranberry Orange & Vanilla,Levitate Elixirs LLC,750 ml / 25.4 fl oz ea,$25.00,60.00%,65.00%,$40.00,$41.25,
Levitate Elixirs-Spiced Pineapple & Coconut,Levitate Elixirs LLC,750 ml / 25.4 fl oz ea,$25.00,60.00%,65.00%,$40.00,$41.25,
"Levitate Elixirs-Strawberry, Hops & Rose",Levitate Elixirs LLC,750 ml / 25.4 fl oz ea,$25.00,60.00%,65.00%,$40.00,$41.25,
"Levitate Elixirs-Wild Blueberry, Lemon & Rosemary",Levitate Elixirs LLC,750 ml / 25.4 fl oz ea,$25.00,60.00%,65.00%,$40.00,$41.25,
Baby Bok Choi,Little Wings,Bunch,$2.25,40.00%,45.00%,$3.15,$3.26,
Banana Shallots,Little Wings,1 lb,$3.50,40.00%,45.00%,$4.90,$5.08,
Basil,Little Wings,1 bu.,$2.25,40.00%,45.00%,$3.15,$3.26,
Big Beef Slicer Tomato,Little Wings,1 lb,$3.00,40.00%,45.00%,$4.20,$4.35,
Cilantro,Little Wings,bu,$2.00,40.00%,45.00%,$2.80,$2.90,
Collard Greens,Little Wings,each,$2.25,40.00%,45.00%,$3.15,$3.26,
Cosmic Gold Potato,Little Wings,lb,$2.25,40.00%,45.00%,$3.15,$3.26,
Dill,Little Wings,each,$2.00,40.00%,45.00%,$2.80,$2.90,
Fava Beans,Little Wings,1 lb,$2.20,40.00%,45.00%,$3.08,$3.19,
Fennel,Little Wings,each,$2.25,40.00%,45.00%,$3.15,$3.26,
Fresh Rosemary,Little Wings,each,$2.00,40.00%,45.00%,$2.80,$2.90,
Frisee Lettuce,Little Wings,each,$2.50,40.00%,45.00%,$3.50,$3.63,
Green  Butterhead Lettuce,Little Wings,each,$2.00,40.00%,45.00%,$2.80,$2.90,
Green Broccolini,Little Wings,each,$2.75,40.00%,45.00%,$3.85,$3.99,
Green Kohlrabi,Little Wings,1 bunch,$2.25,40.00%,45.00%,$3.15,$3.26,
Green Kohlrabi,Little Wings,1 lb,$2.25,40.00%,45.00%,$3.15,$3.26,
Green Lunchbox Peppers,Little Wings,1 lb,$4.00,40.00%,45.00%,$5.60,$5.80,
Green Mizuna,Little Wings,each,$2.25,40.00%,45.00%,$3.15,$3.26,
Green Romaine Little Gem,Little Wings,each,$1.35,40.00%,45.00%,$1.89,$1.96,
Green Zucchini,Little Wings,1 lb,$2.00,40.00%,45.00%,$2.80,$2.90,
Green Zucchini,Little Wings,1 lb,$1.75,40.00%,45.00%,$2.45,$2.54,
Hakurei Turnips,Little Wings,1 bunch,$2.50,40.00%,45.00%,$3.50,$3.63,
"Herb Bundle: Rosemary, Thyme and Sage Combo",Little Wings,each,$2.00,40.00%,45.00%,$2.80,$2.90,
Hungarian Hot Wax Pepper,Little Wings,lb.,$4.25,40.00%,45.00%,$5.95,$6.16,
Italian (Dino) Kale,Little Wings,bu.,$1.90,40.00%,45.00%,$2.66,$2.76,
Jalapeño Peppers,Little Wings,Lb.,$3.50,40.00%,45.00%,$4.90,$5.08,
Little Gem Mix,Little Wings,1/2 lb bag,$4.25,40.00%,45.00%,$5.95,$6.16,
Lunchbox Peppers,Little Wings,1 pound bag,$4.50,40.00%,45.00%,$6.30,$6.53,
Muncher Cucumber,Little Wings,lb,$2.50,40.00%,45.00%,$3.50,$3.63,
Parsley,Little Wings,each,$2.00,40.00%,45.00%,$2.80,$2.90,
Pea Shoots,Little Wings,4 oz,$3.25,40.00%,45.00%,$4.55,$4.71,
Purple Kohlrabi,Little Wings,1 bunch,$2.25,40.00%,45.00%,$3.15,$3.26,
Purple Kohlrabi,Little Wings,1 lb,$2.25,40.00%,45.00%,$3.15,$3.26,
Purple Radish,Little Wings,bu,$2.25,40.00%,45.00%,$3.15,$3.26,
Purple Scallions,Little Wings,each,$2.00,40.00%,45.00%,$2.80,$2.90,
Rainbow Chard,Little Wings,each,$2.50,40.00%,45.00%,$3.50,$3.63,
Red Butterhead Lettuce,Little Wings,each,$2.25,40.00%,45.00%,$3.15,$3.26,
Red Russian Kale,Little Wings,bu,$2.30,40.00%,45.00%,$3.22,$3.34,
Romaine Lettuce,Little Wings,each,$2.00,40.00%,45.00%,$2.80,$2.90,
Romano Beans,Little Wings,1lb,$4.00,40.00%,45.00%,$5.60,$5.80,
Sage,Little Wings,each,$2.00,40.00%,45.00%,$2.80,$2.90,
Salad Mix,Little Wings,1/2 lb,$4.50,40.00%,45.00%,$6.30,$6.53,
Salad Turnips (Hakurei),Little Wings,bu,$2.25,40.00%,45.00%,$3.15,$3.26,
Shishito Frying Pepper,Little Wings,each,$3.00,40.00%,45.00%,$4.20,$4.35,
Spinach  1/2 Lb.,Little Wings,each,$3.90,40.00%,45.00%,$5.46,$5.66,
Spinach  1/2 Lb.,Little Wings,each,$4.40,40.00%,45.00%,$6.16,$6.38,
Striped Eggplant,Little Wings,1 lb,$3.00,40.00%,45.00%,$4.20,$4.35,
Sugar Snap Peas,Little Wings,1 lb,$6.50,40.00%,45.00%,$9.10,$9.43,
Sugar Snap Peas,Little Wings,1 pint,$2.70,40.00%,45.00%,$3.78,$3.92,
Toybox Cherry Tomatoes,Little Wings,1 pt,$4.20,40.00%,45.00%,$5.88,$6.09,
Walla Walla Onions,Little Wings,ea,$1.10,40.00%,45.00%,$1.54,$1.60,
Watermelon Radish,Little Wings,1 lb,$3.45,40.00%,45.00%,$4.83,$5.00,
Broccoli Microgreens,Lone Wolf Ranch,1 oz. pk,$2.50,40.00%,45.00%,$3.50,$3.63,
Broccoli Microgreens,Lone Wolf Ranch,2 oz pk,$5.00,40.00%,45.00%,$7.00,$7.25,
Purple Radish Microgreens,Lone Wolf Ranch,1 oz. pk,$2.50,40.00%,45.00%,$3.50,$3.63,
Purple Radish Microgreens,Lone Wolf Ranch,2 oz pk,$5.00,40.00%,45.00%,$7.00,$7.25,
Cayenne Kettle Corn,Lonesome Whistle,0.4 lb bag,$4.00,40.00%,45.00%,$5.60,$5.80,
Dakota Black Heirloom Popcorn,Lonesome Whistle,2 lbs,$10.00,40.00%,45.00%,$14.00,$14.50,
Dakota Black Kettle Corn,Lonesome Whistle,0.4 lb bag,$4.00,40.00%,45.00%,$5.60,$5.80,
Dark Northern Rye Flour,Lonesome Whistle,1.6 lbs,$4.50,40.00%,45.00%,$6.30,$6.53,
Einkorn Fusilli,Lonesome Whistle,0.5 lb bag,$3.33,40.00%,45.00%,$4.66,$4.83,
Emmer Farro,Lonesome Whistle,1.25 lb Bag,$4.50,40.00%,45.00%,$6.30,$6.53,
Garlic Dill Popcorn,Lonesome Whistle,0.4 lb bag,$4.00,40.00%,45.00%,$5.60,$5.80,
Jalapeno Cheddar Popcorn,Lonesome Whistle,0.4 lb bag,$4.00,40.00%,45.00%,$5.60,$5.80,
Jeff's Rolled Oats,Lonesome Whistle,1.5 lb bag,$4.50,40.00%,45.00%,$6.30,$6.53,
Lemon Lavender Popcorn,Lonesome Whistle,0.4 lb bag,$4.00,40.00%,45.00%,$5.60,$5.80,
Maris Widgeon Macaroni,Lonesome Whistle,0.5 lb bag,$4.00,40.00%,45.00%,$5.60,$5.80,
Nutritional Yeast Popcorn,Lonesome Whistle,0.4 lb bag,$4.00,40.00%,45.00%,$5.60,$5.80,
Rise & Shine Gluten Free Pancake Mix,Lonesome Whistle,1.6 lbs,$5.33,40.00%,45.00%,$7.46,$7.73,
Up & At 'Em Pancake Mix,Lonesome Whistle,1.6 lbs,$5.33,40.00%,45.00%,$7.46,$7.73,
Cathay Bell Watermelon,Not assigned,ea.,$6.34,34.00%,39.00%,$8.50,$8.81,
Cayenne Pepper,Not assigned,each,$1.00,33.00%,38.00%,$1.33,$1.38,
Chanterelle mushrooms,Not assigned,1/2 lb,$8.50,33.00%,38.00%,$11.31,$11.73,
d'Anjou Pear,Not assigned,each,$1.50,40.00%,45.00%,$2.10,$2.18,
Green and Red Mixed Grapes,Not assigned,pt,$3.00,33.50%,38.50%,$4.01,$4.16,
Green Pole Beans,Not assigned,1 lb,$4.50,35.00%,40.00%,$6.08,$6.30,
Green Romaine Lettuce,Not assigned,each,$1.75,40.00%,45.00%,$2.45,$2.54,
Matsutake mushrooms,Not assigned,1/2 lb,$11.25,33.00%,38.00%,$14.96,$15.53,
Pea Shoots,Not assigned,1/2 Lb.,$5.00,35.00%,40.00%,$6.75,$7.00,
Persian Cucumber,Not assigned,1 lb,$2.40,34.00%,39.00%,$3.22,$3.34,
Red Butter-head Little Gem Lettuce,Not assigned,each,$1.40,34.00%,39.00%,$1.88,$1.95,
Anaheim Pepper,Organically Grown Company,1 lb,$5.85,40.00%,45.00%,$8.19,$8.48,
Blackberries,Organically Grown Company,1/2  pt,$4.75,40.00%,45.00%,$6.65,$6.89,
Broccoli Rapini,Organically Grown Company,bu,$2.50,40.00%,45.00%,$3.50,$3.63,
Calcot Onion Bunch,Organically Grown Company,bu,$3.03,40.00%,45.00%,$4.24,$4.39,
Cantaloupe,Organically Grown Company,each,$4.75,40.00%,45.00%,$6.65,$6.89,
Cherries (WA),Organically Grown Company,1.5 lb. bag,$6.90,40.00%,45.00%,$9.66,$10.01,
Crimini Mushrooms,Organically Grown Company,1 lb,$3.95,40.00%,45.00%,$5.53,$5.73,
Daikon Radish (WA),Organically Grown Company,1 Lb,$3.85,40.00%,45.00%,$5.39,$5.58,
Eggplant,Organically Grown Company,each,$2.99,40.00%,45.00%,$4.19,$4.34,
Fresh Strawberries,Organically Grown Company,each,$5.30,40.00%,45.00%,$7.42,$7.69,
Fuji Apple (WA),Organically Grown Company,ea,$0.90,50.00%,55.00%,$1.35,$1.40,
Gala Apple,Organically Grown Company,ea,$0.50,40.00%,45.00%,$0.70,$0.73,
Gold Raspberries,Organically Grown Company,1/2 pt,$4.32,40.00%,45.00%,$6.05,$6.26,
Granny Smith Apple (WA),Organically Grown Company,ea,$0.90,50.00%,55.00%,$1.35,$1.40,
Green garlic,Organically Grown Company,1 lb,$7.25,40.00%,45.00%,$10.15,$10.51,
Green garlic,Organically Grown Company,1/2 lb,$3.63,40.00%,45.00%,$5.08,$5.26,
Honey Crisp Apple (WA),Organically Grown Company,ea,$1.75,50.00%,55.00%,$2.63,$2.71,
Italian Kale Raab,Organically Grown Company,bu,$2.30,40.00%,45.00%,$3.22,$3.34,
"Kaiware, Green Microgreens",Organically Grown Company,2 oz ea,$5.45,40.00%,45.00%,$7.63,$7.90,
"Kaiware, Purple Microgreens",Organically Grown Company,2 oz ea,$5.45,40.00%,45.00%,$7.63,$7.90,
Leeks,Organically Grown Company,1 ct.,$2.00,40.00%,45.00%,$2.80,$2.90,
Lions Mane Mushrooms,Organically Grown Company,1/2 lb,$4.95,40.00%,45.00%,$6.93,$7.18,
Marionberry,Organically Grown Company,1/2 pt,$3.40,40.00%,45.00%,$4.76,$4.93,
Mini Sweet Mix Bell Peppers,Organically Grown Company,1 lb bag,$4.59,40.00%,45.00%,$6.43,$6.66,
Nantes Carrots,Organically Grown Company,bunch,$2.53,40.00%,45.00%,$3.54,$3.67,
Oyster Mushrooms,Organically Grown Company,1/2 lb,$3.75,40.00%,45.00%,$5.25,$5.44,
Parsnips,Organically Grown Company,1 lb,$2.50,40.00%,45.00%,$3.50,$3.63,
Pea Shoot Microgreens,Organically Grown Company,2.5 oz ea,$5.45,40.00%,45.00%,$7.63,$7.90,
Pink Raspberries,Organically Grown Company,1/2 pt,$4.60,40.00%,45.00%,$6.44,$6.67,
Portabella Mushrooms,Organically Grown Company,each,$7.25,40.00%,45.00%,$10.15,$10.51,
Purple potatoes,Organically Grown Company,pound,$1.04,40.00%,45.00%,$1.46,$1.51,
Rainer Cherries (WA),Organically Grown Company,1.5 lb. bag,$12.85,40.00%,45.00%,$17.99,$18.63,
Red Bartlett Pears,Organically Grown Company,ea,$1.00,40.00%,45.00%,$1.40,$1.45,
Red Cabbage,Organically Grown Company,each,$3.95,40.00%,45.00%,$5.53,$5.73,
Red Currant Berries,Organically Grown Company,1/2 pt,$4.59,40.00%,45.00%,$6.43,$6.66,
Red D'Anjou Pears,Organically Grown Company,each,$1.00,40.00%,45.00%,$1.40,$1.45,
Red Mustard Mizuna,Organically Grown Company,ea,$2.30,40.00%,45.00%,$3.22,$3.34,
Red Potatoes (Idaho),Organically Grown Company,1 lb,$1.00,40.00%,45.00%,$1.40,$1.45,
Red Raspberries,Organically Grown Company,1/2 pt,$4.75,40.00%,45.00%,$6.65,$6.89,
Russet potatoes (CA),Organically Grown Company,1 lb,$1.00,40.00%,45.00%,$1.40,$1.45,
Rutabega,Organically Grown Company,1 lb,$1.90,40.00%,45.00%,$2.66,$2.76,
Savoy Cabbage,Organically Grown Company,each,$2.25,40.00%,45.00%,$3.15,$3.26,
Serrano pepper,Organically Grown Company,1/2 lb,$2.50,40.00%,45.00%,$3.50,$3.63,
Shiitake Mushrooms,Organically Grown Company,1/2 lb,$4.08,40.00%,45.00%,$5.71,$5.92,
Soft-neck Garlic ( CA ),Organically Grown Company,1/2 lb,$2.66,40.00%,45.00%,$3.72,$3.86,
Sugarloaf Chicory,Organically Grown Company,each,$3.21,40.00%,45.00%,$4.49,$4.65,
Sunchokes,Organically Grown Company,1 lb,$4.10,40.00%,45.00%,$5.74,$5.95,
Sweet Onion,Organically Grown Company,1lb,$1.05,40.00%,45.00%,$1.47,$1.52,
Tatsoi,Organically Grown Company,each,$2.11,40.00%,45.00%,$2.95,$3.06,
Watercress,Organically Grown Company,bu,$2.57,40.00%,45.00%,$3.60,$3.73,
White Onion,Organically Grown Company,2# bag,$3.10,40.00%,45.00%,$4.34,$4.50,
Brazil Minas Gerais Dark Roast Coffee Beans,Radiant Coffee Roasters,12 oz bag,$13.00,40.00%,45.00%,$18.20,$18.85,
Brazil Minas Gerais Dark Roast Ground Coffee,Radiant Coffee Roasters,12 oz bag,$13.00,40.00%,45.00%,$18.20,$18.85,
Colombia Finca La Suiza Cafe De Mujer Light Roast Coffee Beans,Radiant Coffee Roasters,12 oz bag,$14.00,40.00%,45.00%,$19.60,$20.30,
Colombia Finca La Suiza Cafe De Mujer Light Roast Ground Coffee,Radiant Coffee Roasters,12 oz bag,$14.00,40.00%,45.00%,$19.60,$20.30,
Guatemala Cafe Feminino Light Roast Coffee Beans,Radiant Coffee Roasters,12 oz bag,$14.00,40.00%,45.00%,$19.60,$20.30,
Guatemala Cafe Feminino Light Roast Ground Coffee,Radiant Coffee Roasters,12 oz bag,$14.00,40.00%,45.00%,$19.60,$20.30,
Guatemala Xuj Kape Light Roast Coffee Beans,Radiant Coffee Roasters,12 oz bag,$12.00,40.00%,45.00%,$16.80,$17.40,
Radiant Balanced Blend - Medium Roast Coffee Beans,Radiant Coffee Roasters,12 oz,$12.00,40.00%,45.00%,$16.80,$17.40,
Radiant Balanced Blend - Medium Roast Ground Coffee,Radiant Coffee Roasters,12 oz,$12.00,40.00%,45.00%,$16.80,$17.40,
Radiant Breakfast Blend - Light Roast Coffee Beans,Radiant Coffee Roasters,12 oz,$12.00,40.00%,45.00%,$16.80,$17.40,
Radiant Breakfast Blend - Light Roast Ground Coffee,Radiant Coffee Roasters,12 oz,$12.00,40.00%,45.00%,$16.80,$17.40,
Radiant Decaf Columbia Coffee Beans,Radiant Coffee Roasters,12 oz,$13.00,40.00%,45.00%,$18.20,$18.85,
Radiant Decaf Columbia Ground Coffee,Radiant Coffee Roasters,12 oz,$13.00,40.00%,45.00%,$18.20,$18.85,
Radiant Midnight Blend - Dark Roast Coffee Beans,Radiant Coffee Roasters,12 oz,$12.00,40.00%,45.00%,$16.80,$17.40,
Radiant Midnight Blend - Dark Roast Ground Coffee,Radiant Coffee Roasters,12 oz,$12.00,40.00%,45.00%,$16.80,$17.40,
Radiant Roasters Chiapas Mexico Light Roast Coffee Beans,Radiant Coffee Roasters,12 oz bag,$12.00,40.00%,45.00%,$16.80,$17.40,
Radiant Roasters Chiapas Mexico Light Roast Ground Coffee,Radiant Coffee Roasters,12 oz bag,$12.00,40.00%,45.00%,$16.80,$17.40,
Braided Challah (plain),Reality Kitchen Nonprofit,each,$6.50,40.00%,45.00%,$9.10,$9.43,
Braided Challah (seeded),Reality Kitchen Nonprofit,each,$6.50,40.00%,45.00%,$9.10,$9.43,
Challah Sandwich Loaf,Reality Kitchen Nonprofit,each,$6.50,40.00%,45.00%,$9.10,$9.43,
Sourdough Rye Sandwich Loaf,Reality Kitchen Nonprofit,each,$6.25,40.00%,45.00%,$8.75,$9.06,
Wholewheat Multigrain Sandwich Loaf,Reality Kitchen Nonprofit,each,$6.25,40.00%,45.00%,$8.75,$9.06,
#2 Juicing Carrots,Red Tail Growers,pound,$1.00,40.00%,45.00%,$1.40,$1.45,
Acorn squash,Red Tail Growers,1 Each,$2.50,40.00%,45.00%,$3.50,$3.63,
Ambition Shallots,Red Tail Growers,1 lb,$3.50,40.00%,45.00%,$4.90,$5.08,
Arugula,Red Tail Growers,1/2 lb bag,$4.25,40.00%,45.00%,$5.95,$6.16,
Baby Bok Choi,Red Tail Growers,Bunch,$2.00,40.00%,45.00%,$2.80,$2.90,
Baby Mustard Salad Mix,Red Tail Growers,1/2 lb,$4.00,40.00%,45.00%,$5.60,$5.80,
Bietola,Red Tail Growers,ea,$2.00,40.00%,45.00%,$2.80,$2.90,
Bietola/chard mix,Red Tail Growers,1/2 lb bag,$3.50,40.00%,45.00%,$4.90,$5.08,
Braising Chicories,Red Tail Growers,1/2 lb,$4.00,40.00%,45.00%,$5.60,$5.80,
Braising mix (chard and kale),Red Tail Growers,1/2 lb,$4.25,40.00%,45.00%,$5.95,$6.16,
Candy Sweet Onion,Red Tail Growers,1 lb,$1.50,40.00%,45.00%,$2.10,$2.18,
Castelfranco Radicchio,Red Tail Growers,each,$2.00,40.00%,45.00%,$2.80,$2.90,
Castlefranco Chicory Head,Red Tail Growers,each,$1.85,40.00%,45.00%,$2.59,$2.68,
Chioggia Beets,Red Tail Growers,1 Bunch,$2.35,40.00%,45.00%,$3.29,$3.41,
Chive Flower,Red Tail Growers,bu,$2.00,40.00%,45.00%,$2.80,$2.90,
Cilantro,Red Tail Growers,bu,$2.00,40.00%,45.00%,$2.80,$2.90,
Curly Endive,Red Tail Growers,ea,$1.50,40.00%,45.00%,$2.10,$2.18,
Dandelion,Red Tail Growers,bu,$2.00,40.00%,45.00%,$2.80,$2.90,
"Dandelion, Red",Red Tail Growers,bu,$2.35,40.00%,45.00%,$3.29,$3.41,
Delfino Cilantro,Red Tail Growers,each,$2.00,40.00%,45.00%,$2.80,$2.90,
Escarole,Red Tail Growers,each,$2.35,40.00%,45.00%,$3.29,$3.41,
Flowering Chervil,Red Tail Growers,bu,$2.00,40.00%,45.00%,$2.80,$2.90,
French Breakfast Radish,Red Tail Growers,each,$1.85,40.00%,45.00%,$2.59,$2.68,
Fresh Chives,Red Tail Growers,each,$2.00,40.00%,45.00%,$2.80,$2.90,
Fresh Sage,Red Tail Growers,each,$2.00,40.00%,45.00%,$2.80,$2.90,
Fresh Thyme,Red Tail Growers,each,$2.00,40.00%,45.00%,$2.80,$2.90,
Gold Beets,Red Tail Growers,bunch,$1.35,40.00%,45.00%,$1.89,$1.96,
Gold Beets,Red Tail Growers,bunch,$2.35,40.00%,45.00%,$3.29,$3.41,
Gold Beets,Red Tail Growers,lb,$1.60,40.00%,45.00%,$2.24,$2.32,
Green  Leaf Lettuce,Red Tail Growers,each,$2.00,40.00%,45.00%,$2.80,$2.90,
Green Cabbage,Red Tail Growers,each,$4.00,40.00%,45.00%,$5.60,$5.80,
Green Cabbage,Red Tail Growers,each,$2.50,40.00%,45.00%,$3.50,$3.63,
Green Garlic,Red Tail Growers,bu,$2.00,40.00%,45.00%,$2.80,$2.90,
Green Onion/Scallions,Red Tail Growers,bu,$1.85,40.00%,45.00%,$2.59,$2.68,
Green Tomatoes,Red Tail Growers,1 lb,$2.00,40.00%,45.00%,$2.80,$2.90,
Hakurei Turnips,Red Tail Growers,1 Lb.,$1.80,40.00%,45.00%,$2.52,$2.61,
Heirloom Tomatoes,Red Tail Growers,pound,$3.20,40.00%,45.00%,$4.48,$4.64,
Iceberg Lettuce,Red Tail Growers,ea,$1.85,40.00%,45.00%,$2.59,$2.68,
Italian Frying Pepper,Red Tail Growers,each,$2.50,40.00%,45.00%,$3.50,$3.63,
Jimmy Nardello Peppers,Red Tail Growers,1 lb,$6.00,40.00%,45.00%,$8.40,$8.70,
Kale Mix,Red Tail Growers,1/2 lb,$4.25,40.00%,45.00%,$5.95,$6.16,
Kale Sprouts Half Stalk,Red Tail Growers,ea,$4.00,40.00%,45.00%,$5.60,$5.80,
Leek Scapes,Red Tail Growers,bu,$2.00,40.00%,45.00%,$2.80,$2.90,
Leeks,Red Tail Growers,1 bunch,$2.00,40.00%,45.00%,$2.80,$2.90,
Leeks,Red Tail Growers,1 lb,$2.00,40.00%,45.00%,$2.80,$2.90,
Marjoram,Red Tail Growers,bu,$1.50,40.00%,45.00%,$2.10,$2.18,
Medium Mixed Flower Bouquet,Red Tail Growers,ea,$12.00,40.00%,45.00%,$16.80,$17.40,
Mini  kubuchas,Red Tail Growers,ea,$1.00,40.00%,45.00%,$1.40,$1.45,
Mini Butternut Squash,Red Tail Growers,each,$2.00,40.00%,45.00%,$2.80,$2.90,
Mini Salanova Lettuce Heads (mixed colors and types),Red Tail Growers,ea,$1.00,40.00%,45.00%,$1.40,$1.45,
Mixed Bok Choi and Mustard Raab,Red Tail Growers,bu,$2.50,40.00%,45.00%,$3.50,$3.63,
Orange Carrots,Red Tail Growers,1 bunch,$2.75,40.00%,45.00%,$3.85,$3.99,
Orange Kabocha Squash,Red Tail Growers,each,$4.00,40.00%,45.00%,$5.60,$5.80,
Padron Peppers,Red Tail Growers,1 pt,$3.00,40.00%,45.00%,$4.20,$4.35,
Parsley,Red Tail Growers,bu,$2.00,40.00%,45.00%,$2.80,$2.90,
Purple and Green Broccolini,Red Tail Growers,each,$2.75,40.00%,45.00%,$3.85,$3.99,
Radicchio Treviso,Red Tail Growers,each,$2.00,40.00%,45.00%,$2.80,$2.90,
Red Beets,Red Tail Growers,1 bunch,$2.35,40.00%,45.00%,$3.29,$3.41,
Red Beets,Red Tail Growers,1 lb,$1.36,40.00%,45.00%,$1.90,$1.97,
Red Leaf Lettuce,Red Tail Growers,ea,$2.00,40.00%,45.00%,$2.80,$2.90,
Red Little Gem Lettuce,Red Tail Growers,ea,$1.75,40.00%,45.00%,$2.45,$2.54,
Red Onion,Red Tail Growers,lb,$1.50,40.00%,45.00%,$2.10,$2.18,
Red Radicchio,Red Tail Growers,each,$2.35,40.00%,45.00%,$3.29,$3.41,
Red Radish,Red Tail Growers,each,$2.00,40.00%,45.00%,$2.80,$2.90,
Red Tail Fall Salad  Mix,Red Tail Growers,1/2 lb. bag,$4.25,40.00%,45.00%,$5.95,$6.16,
Salad Chicory Mix,Red Tail Growers,1/2 lb bag,$3.75,40.00%,45.00%,$5.25,$5.44,
Shallots,Red Tail Growers,1 lb,$4.00,40.00%,45.00%,$5.60,$5.80,
Siberian Kale,Red Tail Growers,bu,$2.00,40.00%,45.00%,$2.80,$2.90,
Slicer Cucumbers,Red Tail Growers,1 lb,$2.00,40.00%,45.00%,$2.80,$2.90,
Sweet Salad Turnips,Red Tail Growers,bu,$2.50,40.00%,45.00%,$3.50,$3.63,
Taragon,Red Tail Growers,bu,$2.00,40.00%,45.00%,$2.80,$2.90,
Tatsoi,Red Tail Growers,1/2 lb bag,$3.50,40.00%,45.00%,$4.90,$5.08,
Walla Walla Onions,Red Tail Growers,1 bunch,$2.70,40.00%,45.00%,$3.78,$3.92,
White Russian Kale,Red Tail Growers,bu,$2.00,40.00%,45.00%,$2.80,$2.90,
Yellow Onion,Red Tail Growers,1lb,$1.50,40.00%,45.00%,$2.10,$2.18,
Young Chicory,Red Tail Growers,ea,$1.50,40.00%,45.00%,$2.10,$2.18,
2025 Arbequina  Olive Oil 100mL,River Ranch Oregon Olive OIl,Ea.,$8.95,40.00%,45.00%,$12.53,$12.98,
2025 Arbequina  Olive Oil 250mL,River Ranch Oregon Olive OIl,Ea.,$16.75,40.00%,45.00%,$23.45,$24.29,
Colliding Rivers Olive Oil Sugar Scrub,River Ranch Oregon Olive OIl,ea 4 oz jar,$5.00,40.00%,45.00%,$7.00,$7.25,
Dry Herb Mix,River Ranch Oregon Olive OIl,ea 1 ounce jar,$7.00,40.00%,45.00%,$9.80,$10.15,
Flavor Infused Olive Oil- Garlic 100mL,River Ranch Oregon Olive OIl,3.38 oz. 100mL,$10.95,40.00%,45.00%,$15.33,$15.88,
Flavor Infused Olive Oil- Garlic 250mL,River Ranch Oregon Olive OIl,250mL,$21.95,40.00%,45.00%,$30.73,$31.83,
Flavor Infused Olive Oil- Rosemary and Basil 100mL,River Ranch Oregon Olive OIl,3.38oz (100mL),$10.95,40.00%,45.00%,$15.33,$15.88,
Flavor Infused Olive Oil- Rosemary and Basil 250mL,River Ranch Oregon Olive OIl,250mL,$21.95,40.00%,45.00%,$30.73,$31.83,
Lavender Olive Oil Sugar Scrub,River Ranch Oregon Olive OIl,ea  4oz. jar,$5.00,40.00%,45.00%,$7.00,$7.25,
Morning Mist Olive Oil Sugar Scrub,River Ranch Oregon Olive OIl,ea 4 oz jar,$5.00,40.00%,45.00%,$7.00,$7.25,
Summer Day Olive Oil Sugar Scrub,River Ranch Oregon Olive OIl,ea 4 oz jar,$5.00,40.00%,45.00%,$7.00,$7.25,
Breaking Point Iris Rhizome,RL Plants & Home Goods,ea,$7.00,40.00%,45.00%,$9.80,$10.15,
Dark Purple Iris Rhizome,RL Plants & Home Goods,each,$4.00,40.00%,45.00%,$5.60,$5.80,
Desert Trails Iris Rhizome,RL Plants & Home Goods,ea,$8.00,40.00%,45.00%,$11.20,$11.60,
DOXIE DOODLES - 2011 Standard Dwarf Bearded Iris - Fragrant (rhizome),RL Plants & Home Goods,ea,$6.00,40.00%,45.00%,$8.40,$8.70,
Fall Decor- Iris Rhizome,RL Plants & Home Goods,ea,$8.00,40.00%,45.00%,$11.20,$11.60,
Giddy Iris Rhizome (Standard Dwarf Bearded),RL Plants & Home Goods,ea,$6.00,40.00%,45.00%,$8.40,$8.70,
Handcrafted 4x4 Rustic Wood Double Tea Candle Holder,RL Plants & Home Goods,ea,$10.00,40.00%,45.00%,$14.00,$14.50,
Handcrafted 4x4 Rustic Wood Tea Candle Holder,RL Plants & Home Goods,ea,$10.00,40.00%,45.00%,$14.00,$14.50,
Handcrafted Birch Holder,RL Plants & Home Goods,ea,$15.00,40.00%,45.00%,$21.00,$21.75,
Handcrafted Cedar Coasters,RL Plants & Home Goods,2 pack,$3.00,40.00%,45.00%,$4.20,$4.35,
Handcrafted Cedar Coasters,RL Plants & Home Goods,5 pack,$5.00,40.00%,45.00%,$7.00,$7.25,
Handcrafted Rustic Cedar Coasters,RL Plants & Home Goods,2 Pack,$3.00,40.00%,45.00%,$4.20,$4.35,
Handcrafted Rustic Cedar Coasters,RL Plants & Home Goods,5 Pack,$5.00,40.00%,45.00%,$7.00,$7.25,
Handmade Birch Wood Coasters –Set of 2,RL Plants & Home Goods,2 pack,$5.00,40.00%,45.00%,$7.00,$7.25,
Handmade Cedar Catch-All Tray – Rustic Ring Dish & Coin Holder,RL Plants & Home Goods,ea,$10.00,40.00%,45.00%,$14.00,$14.50,
"Handmade Wooden Industrial Style 4""x6"" Catch-all Tray",RL Plants & Home Goods,ea,$10.00,40.00%,45.00%,$14.00,$14.50,
Hen and Chicks Succulents,RL Plants & Home Goods,each,$3.00,40.00%,45.00%,$4.20,$4.35,
I'm Back Iris Rhizome,RL Plants & Home Goods,ea,$8.00,40.00%,45.00%,$11.20,$11.60,
Lemon Balm,RL Plants & Home Goods,bu,$2.50,40.00%,45.00%,$3.50,$3.63,
Local Color Iris Rhizome,RL Plants & Home Goods,ea,$8.00,40.00%,45.00%,$11.20,$11.60,
Open Your Eyes- Iris Rhizome,RL Plants & Home Goods,ea,$8.00,40.00%,45.00%,$11.20,$11.60,
Pepi Dwarf Iris Rhizome,RL Plants & Home Goods,ea,$6.00,40.00%,45.00%,$8.40,$8.70,
Radiant Garb Iris Rhizome,RL Plants & Home Goods,ea,$8.00,40.00%,45.00%,$11.20,$11.60,
Raspberry Swirl - 2009 Tall Bearded Iris - Stunning Award Winner (Rhizome),RL Plants & Home Goods,ea,$7.00,40.00%,45.00%,$9.80,$10.15,
Sedum Palmeri Succulents,RL Plants & Home Goods,each,$4.00,40.00%,45.00%,$5.60,$5.80,
"Sedum Rupestre ""Blue Spruce""",RL Plants & Home Goods,each,$4.00,40.00%,45.00%,$5.60,$5.80,
Spice Lord Iris Rhizome (Bulb),RL Plants & Home Goods,ea,$7.00,40.00%,45.00%,$9.80,$10.15,
Tanzanian Tangerine Iris Rhizome (Bulb),RL Plants & Home Goods,ea,$7.00,40.00%,45.00%,$9.80,$10.15,
Trumped Iris Rhizome (Bulb),RL Plants & Home Goods,ea,$7.00,40.00%,45.00%,$9.80,$10.15,
Vintage Vibe Award Winner Iris Rhizome,RL Plants & Home Goods,ea,$8.00,40.00%,45.00%,$11.20,$11.60,
Yellow Iris Rhizome,RL Plants & Home Goods,each,$4.00,40.00%,45.00%,$5.60,$5.80,
Ziggy Award Winner Iris Rhizome,RL Plants & Home Goods,ea,$8.00,40.00%,45.00%,$11.20,$11.60,
VIRGO GLOW (Whipped Tallow - skin care) 9 oz glass jar,Sabrooxel's Alchemy,9 oz. ea,$50.00,40.00%,45.00%,$70.00,$72.50,
VIRGO GLOW (WhippedTallow - skin care) 4 oz glass jar,Sabrooxel's Alchemy,ea,$23.48,40.00%,45.00%,$32.87,$34.05,
Arugula,Small is Beautiful Farm,1 bunch,$2.50,40.00%,45.00%,$3.50,$3.63,
Bartlett Pears,Small is Beautiful Farm,ea,$1.00,40.00%,45.00%,$1.40,$1.45,
Braising Green Bundle,Small is Beautiful Farm,bu,$2.50,40.00%,45.00%,$3.50,$3.63,
Chunks of Sweetmeat Squash,Small is Beautiful Farm,bag,$4.00,40.00%,45.00%,$5.60,$5.80,
Cut Flower Bouquet,Small is Beautiful Farm,each,$10.00,40.00%,45.00%,$14.00,$14.50,
Desert King Fig,Small is Beautiful Farm,pt,$2.50,40.00%,45.00%,$3.50,$3.63,
Dried Heirloom Tomatoes,Small is Beautiful Farm,2 oz bag,$6.50,40.00%,45.00%,$9.10,$9.43,
German Butterball Potatoes,Small is Beautiful Farm,lb,$2.00,40.00%,45.00%,$2.80,$2.90,
Green Scallions,Small is Beautiful Farm,each,$2.50,40.00%,45.00%,$3.50,$3.63,
Green Seedless Table Grapes,Small is Beautiful Farm,pt,$3.50,40.00%,45.00%,$4.90,$5.08,
Honey Plum,Small is Beautiful Farm,pt,$3.00,40.00%,45.00%,$4.20,$4.35,
Leek,Small is Beautiful Farm,1,$1.00,40.00%,45.00%,$1.40,$1.45,
Mix Apples,Small is Beautiful Farm,ea,$1.00,40.00%,45.00%,$1.40,$1.45,
Mix of  Comice/D'Anjou,Small is Beautiful Farm,ea,$1.00,40.00%,45.00%,$1.40,$1.45,
Mix of Pears,Small is Beautiful Farm,ea,$1.00,40.00%,45.00%,$1.40,$1.45,
"Mixed Apple ""Seconds""",Small is Beautiful Farm,each,$0.50,40.00%,45.00%,$0.70,$0.73,
Mixed Dried Fruit,Small is Beautiful Farm,1/2 Lb. bag,$7.00,40.00%,45.00%,$9.80,$10.15,
Persimmon,Small is Beautiful Farm,ea,$1.50,40.00%,45.00%,$2.10,$2.18,
Popping Corn,Small is Beautiful Farm,1 lb bag,$6.00,40.00%,45.00%,$8.40,$8.70,
Prune Plum,Small is Beautiful Farm,each,$3.00,40.00%,45.00%,$4.20,$4.35,
Red Onion,Small is Beautiful Farm,lb,$2.00,40.00%,45.00%,$2.80,$2.90,
Satsuma plums,Small is Beautiful Farm,pt,$4.00,40.00%,45.00%,$5.60,$5.80,
Satsuma plums,Small is Beautiful Farm,pt,$3.00,40.00%,45.00%,$4.20,$4.35,
Shiro plums,Small is Beautiful Farm,dozen,$3.50,40.00%,45.00%,$4.90,$5.08,
Spinach  1/2 Lb.,Small is Beautiful Farm,each,$4.00,40.00%,45.00%,$5.60,$5.80,
Suncrest Peach,Small is Beautiful Farm,ea,$1.25,40.00%,45.00%,$1.75,$1.81,
Sweet Gypsy Red Peppers,Small is Beautiful Farm,each,$1.00,40.00%,45.00%,$1.40,$1.45,
Winter Beets,Small is Beautiful Farm,2 lb bag,$4.00,40.00%,45.00%,$5.60,$5.80,
Winter Carrots,Small is Beautiful Farm,2# bag,$4.00,40.00%,45.00%,$5.60,$5.80,
Winter Salad Mix,Small is Beautiful Farm,1/2 lb,$4.00,40.00%,45.00%,$5.60,$5.80,
Apricot Fruit Spread,Sweet Creek,10 oz,$5.62,40.00%,45.00%,$7.87,$8.15,
Basil Tomato Sauce,Sweet Creek,16 oz,$5.27,40.00%,45.00%,$7.38,$7.64,
Blackberry Fruit Spread,Sweet Creek,10 oz,$4.48,40.00%,45.00%,$6.27,$6.50,
Blueberry Apple Sauce,Sweet Creek,each,$6.40,40.00%,45.00%,$8.96,$9.28,
Blueberry Fruit Spread,Sweet Creek,10 oz,$4.48,40.00%,45.00%,$6.27,$6.50,
Chipotle Enchilada Sauce,Sweet Creek,16 oz ea,$5.46,40.00%,45.00%,$7.64,$7.92,
Cinnamon Apple Sauce,Sweet Creek,32 oz,$6.02,40.00%,45.00%,$8.43,$8.73,
Dill Relish,Sweet Creek,16 oz,$5.54,40.00%,45.00%,$7.76,$8.03,
"Enchilada Red Sauce, Medium",Sweet Creek,16 oz,$4.92,40.00%,45.00%,$6.89,$7.13,
Green Enchilada Sauce,Sweet Creek,each,$5.50,40.00%,45.00%,$7.70,$7.98,
Hot Red Enchilada Sauce,Sweet Creek,16 oz ea,$5.47,40.00%,45.00%,$7.66,$7.93,
Jalapeno Relish,Sweet Creek,each,$10.50,40.00%,45.00%,$14.70,$15.23,
Just Apple Apple Sauce,Sweet Creek,32 oz,$6.02,40.00%,45.00%,$8.43,$8.73,
Mushroom Tomato Sauce,Sweet Creek,16 oz,$5.64,40.00%,45.00%,$7.90,$8.18,
Paul's Dill Pickles,Sweet Creek,32 oz,$7.22,40.00%,45.00%,$10.11,$10.47,
Pickled Beets,Sweet Creek,16 oz,$5.59,40.00%,45.00%,$7.83,$8.11,
Pickled Jalapenos,Sweet Creek,16 oz,$6.31,40.00%,45.00%,$8.83,$9.15,
Raspberry Fruit Spread,Sweet Creek,10 oz,$4.48,40.00%,45.00%,$6.27,$6.50,
Roasted Garlic Tomato Sauce,Sweet Creek,16 oz,$5.27,40.00%,45.00%,$7.38,$7.64,
"Salsa, Hot",Sweet Creek,16 oz,$3.70,40.00%,45.00%,$5.18,$5.37,
"Salsa, Medium",Sweet Creek,16 oz,$5.15,40.00%,45.00%,$7.21,$7.47,
Strawberry Fruit Spread,Sweet Creek,10 oz,$5.25,40.00%,45.00%,$7.35,$7.61,
Sweet Relish,Sweet Creek,16 oz,$5.60,40.00%,45.00%,$7.84,$8.12,
Tomatillo Salsa,Sweet Creek,16 oz,$5.48,40.00%,45.00%,$7.67,$7.95,
Bi-Color Corn,Winter Green Farm,each,$1.10,40.00%,45.00%,$1.54,$1.60,
Celeriac,Winter Green Farm,each,$2.00,40.00%,45.00%,$2.80,$2.90,
Collard Greens,Winter Green Farm,each,$1.65,40.00%,45.00%,$2.31,$2.39,
Delicata Squash,Winter Green Farm,about 2 lbs each,$2.30,40.00%,45.00%,$3.22,$3.34,
Fresh Strawberries,Winter Green Farm,Pint,$4.25,40.00%,45.00%,$5.95,$6.16,
Green Patty Pan Squash,Winter Green Farm,lb,$1.75,40.00%,45.00%,$2.45,$2.54,
Leeks,Winter Green Farm,1 lb,$2.00,40.00%,45.00%,$2.80,$2.90,
Napa Cabbage,Winter Green Farm,ea,$2.75,40.00%,45.00%,$3.85,$3.99,
Orange Carrots,Winter Green Farm,1 bunch,$2.30,40.00%,45.00%,$3.22,$3.34,
Pink Beauty Radish,Winter Green Farm,each,$1.75,40.00%,45.00%,$2.45,$2.54,
Purple Daikon Radish,Winter Green Farm,1 pound,$3.20,40.00%,45.00%,$4.48,$4.64,
Red Baltic Rose Potatoes,Winter Green Farm,1 lb,$1.30,40.00%,45.00%,$1.82,$1.89,
Red Chard,Winter Green Farm,ea,$2.00,40.00%,45.00%,$2.80,$2.90,
Red Radish,Winter Green Farm,each,$1.65,40.00%,45.00%,$2.31,$2.39,
Red Skinned Daikon Radish,Winter Green Farm,lb,$3.20,40.00%,45.00%,$4.48,$4.64,
Spring Onion,Winter Green Farm,Ea,$1.35,40.00%,45.00%,$1.89,$1.96,
Spring Onion Bunch,Winter Green Farm,1 bunch,$3.00,40.00%,45.00%,$4.20,$4.35,
Yellow Potatoes (Canada Gold),Winter Green Farm,1 lb,$2.15,40.00%,45.00%,$3.01,$3.12,
Yellow Potatoes (Vista Gold),Winter Green Farm,1 lb,$1.50,40.00%,45.00%,$2.10,$2.18,