key,revenue,cost,quantity,lines,name,vendor,visible,packageName,memberCurrent,memberProposed,localMarkup,targetLocalMarkup,liveMarkup,priceDrift,incrementalAt8
805474,53475,35650,3565,1507,"Raw Fresh Whole Milk, 1/2 gallon","Creamy Cow, LLC",TRUE,1/2 gallon,15,16.2,0.4,0.62,0.5,TRUE,4149.66
941005,41975.52,29996.78,4622,2756,"Organic Pasture Raised Chicken Eggs, 1 dozen",Deck Family Farm,TRUE,1 dozen,10.76,11.62,0.6574,0.7904,0.657935285,FALSE,3257.300352
805689,24044.85,16228.78,2141,864,Organic Ground Beef,Deck Family Farm,TRUE,1 lbs,12.56,13.56,0.6574,0.7889,0.656992084,FALSE,1865.88036
805669,10785.96,6161.86,559,302,"Chicken Part, Breast, Bone-In",Deck Family Farm,TRUE,1.30 - 1.70 lbs,16.14,17.43,0.6574,0.7895,0.657084189,FALSE,836.990496
805461,9639,6885,459,320,Raw A2/A2 Milk,"Creamy Cow, LLC",TRUE,1/2 gallon,21,22.68,0.4,0.512,0.4,FALSE,747.9864
805724,7771.73,4477.44,636,403,"Bacon, Pork",Deck Family Farm,TRUE,8 oz,11.67,12.6,0.6574,0.7898,0.657670455,FALSE,603.086248
805668,7736.12,4663.68,224,131,Ribeye Steak,Deck Family Farm,TRUE,0.80 - 1.10 lbs,34.51,37.27,0.6574,0.7901,0.657540826,FALSE,600.322912
805465,7490,5350,535,405,"Live Culture Yogurt, 1 quart","Creamy Cow, LLC",TRUE,1 quart,14,15.12,0.4,0.512,0.4,FALSE,581.224
805473,7238,5170,517,391,Raw Fresh Sweet Cream,"Creamy Cow, LLC",TRUE,1 pint,14,15.12,0.4,0.512,0.4,FALSE,561.6688
805658,7226.27,4344.43,193,164,Chuck roast,Deck Family Farm,TRUE,2.30 - 2.90 lbs,37.31,40.29,0.6574,0.7899,0.657485562,FALSE,560.758552
1117018,7141.68,5300,1000,668,Fresh Strawberries,Organically Grown Company,FALSE,each,7.42,8.01,0.4,0.5113,0.4,FALSE,554.194368
832792,6729.92,4050.2,308,216,"Pork Chop, Boneless",Deck Family Farm,TRUE,1.20 - 1.50 lbs,21.79,23.53,0.6574,0.7894,0.657034221,FALSE,522.241792
805688,6546.31,3965.39,611,255,Natural Ground Beef,Deck Family Farm,TRUE,1 lbs,10.76,11.62,0.6574,0.7904,0.657935285,FALSE,507.993656
805716,6445.92,3869.52,276,161,New York Steak,Deck Family Farm,TRUE,0.50 - 0.90 lbs,23.24,25.1,0.6574,0.7903,0.657631954,FALSE,500.203392
805475,6384,4560,380,281,Raw Sweet Cream Butter,"Creamy Cow, LLC",TRUE,0.5 lbs,16.8,18.14,0.4,0.5117,0.4,FALSE,495.3984
813067,5716.35,3443.2,269,159,Beef Tenderloin,Deck Family Farm,TRUE,0.40 - 0.70 lbs,21.21,22.91,0.6574,0.7898,0.65703125,FALSE,443.58876
805676,5572.38,3353.56,413,217,"Chicken Part, Hindquarter",Deck Family Farm,TRUE,1.00 - 1.50 lbs,13.46,14.54,0.6574,0.7906,0.657635468,FALSE,432.416688
940995,4997.47,3222.45,105,100,"Pork Shoulder Roast, Large",Deck Family Farm,TRUE,"Large, 2.80 - 3.50 lbs",50.87,54.94,0.6574,0.7902,0.657543174,FALSE,387.803672
805875,4993.96,3562.9,902,833,Crimini Mushrooms,Organically Grown Company,TRUE,1 lb,5.53,5.97,0.4,0.5114,0.4,FALSE,387.531296
922133,4495.52,2639.34,258,154,"Lamb Chops, 2 pack",Deck Family Farm,TRUE,"2 pack, 0.70 - 1.10 lbs",16.96,18.32,0.6574,0.7908,0.657869013,FALSE,348.852352
805691,4476.41,2790.7,430,272,Ground Pork,Deck Family Farm,TRUE,1.00 lbs,8.61,9.3,0.6574,0.7912,0.326656394,FALSE,347.369416
805927,4338.55,3092.64,758,664,Shiitake Mushrooms,Organically Grown Company,TRUE,1/2 lb,5.71,6.17,0.4,0.5123,0.399509804,FALSE,336.67148
990712,4048.8,2892,482,402,"Raw Fresh Whole Milk, 1/4 gallon","Creamy Cow, LLC",TRUE,1/4 gallon,8.4,9.07,0.4,0.5117,0.4,FALSE,314.18688
814845,4043.56,2432.88,124,81,Top Sirloin Steak,Deck Family Farm,FALSE,1.30 - 1.60 lbs,32.52,35.12,0.6574,0.79,0.657492355,FALSE,313.780256
805678,3975,2446.82,274,212,Sage & Sea Salt Sausage,Deck Family Farm,TRUE,8 oz,13.32,14.39,0.6574,0.7905,0.491601344,FALSE,308.46
953035,3872.69,2327.6,110,101,"Cornish Roasting Chicken, Large",Deck Family Farm,FALSE,"Large, 4.21 - 4.99 lbs",31.56,34.08,0.6574,0.6106,0.491493384,TRUE,300.520744
805758,3530.33,2574,572,359,Frozen Blueberries,Full Farm CSA,TRUE,~1.0 lbs,6.3,6.8,0.4,0.5111,0.4,FALSE,273.953608
941000,3424.27,2108.22,82,79,"Raw Honey, 1 quart",Deck Family Farm,TRUE,1 quart,42.61,46.02,0.6574,0.79,0.657331778,FALSE,265.723352
813080,3267.6,1966.47,303,108,"Pet Food, Organ Blend",Deck Family Farm,TRUE,1.00 lbs,10.76,11.62,0.6574,0.7904,0.657935285,FALSE,253.56576
1004599,3220.87,1901.64,78,74,"Red Ranger Roasting Chicken, Medium",Deck Family Farm,TRUE,"Medium, 4.01 - 5.00 lbs",40.41,43.64,0.6574,0.79,0.657506153,FALSE,249.939512
840823,3162.48,1902.09,213,174,Bulk English Breakfast Sausage,Deck Family Farm's Hyland Artisinal Meats,FALSE,12 oz,14.8,15.98,0.6574,0.7895,0.657334826,FALSE,245.408448
805654,2957.62,1889.73,81,77,"Pork Shoulder Roast, Small",Deck Family Farm,TRUE,"Small, 2.00 - 2.79 lbs",38.67,41.76,0.6574,0.79,0.657522503,FALSE,229.511312
805686,2853.82,1751.3,166,143,Fresh Garlic Sausage Links,Deck Family Farm,TRUE,12 oz,17.49,18.89,0.6574,0.7905,0.657819905,FALSE,221.456432
805477,2839.2,2028,169,162,Sour Cream,"Creamy Cow, LLC",TRUE,package,16.8,18.14,0.4,0.5117,0.4,FALSE,220.32192
805685,2755.36,1715.74,164,91,Stewing Hen,Deck Family Farm,TRUE,2 - 3 lbs,19.74,21.32,0.6574,0.7901,0.65743073,FALSE,213.815936
953036,2728.3,1711.9,95,85,"Cornish Roasting Chicken, Medium",Deck Family Farm,TRUE,"Medium, 3.20 - 4.20 lbs",26.88,29.03,0.6574,0.79,0.491675916,FALSE,211.71608
813092,2669.78,1490.4,162,109,Ground Lamb,Deck Family Farm,FALSE,1.00 lbs,15.25,16.47,0.6574,0.7902,0.657608696,FALSE,207.174928
913652,2622.06,1609.73,175,128,Bulk Farm Made Chorizo Sausage,Deck Family Farm's Hyland Artisinal Meats,TRUE,12 oz,16.14,17.43,0.6574,0.7895,0.657084189,FALSE,203.471856
805470,2548,1820,130,107,Raw Cultured Butter,"Creamy Cow, LLC",TRUE,0.5 lbs,19.6,21.17,0.4,0.5121,0.4,FALSE,197.7248
805692,2472.05,1487.55,141,118,Sweet Italian Sausage Links,Deck Family Farm,TRUE,12 oz,17.49,18.89,0.6574,0.7905,0.657819905,FALSE,191.83108
894281,2408.13,1453.14,81,51,Beef Short Rib,Deck Family Farm,TRUE,1.30 - 2.10 lbs,29.73,32.11,0.6574,0.7899,0.657190635,FALSE,186.870888
805679,2361.92,1409.88,124,92,"Chicken Part, Wings",Deck Family Farm,TRUE,1.50 - 2.00,18.84,20.35,0.6574,0.7898,0.656992084,FALSE,183.284992
941002,2349.05,1417.35,55,51,"Brisket, Small",Deck Family Farm,TRUE,"Small, 2.30 - 2.99 lbs",42.71,46.13,0.6574,0.7901,0.657353512,FALSE,182.28628
871793,2322.03,1655.85,1577,981,Sweet Onion,Organically Grown Company,FALSE,1lb,1.47,1.59,0.4,0.5143,0.4,FALSE,180.189528
940998,2304.88,1398.4,152,140,"Raw Honey, 1/2 pint",Deck Family Farm,TRUE,1/2 pint,15.25,16.47,0.6574,0.7902,0.657608696,FALSE,178.858688
805827,2293.2,1305.5,373,320,Sungold Cherry Tomato Pint,Organically Grown Company,FALSE,each,4.9,5.29,0.4,0.5114,0.4,FALSE,177.95232
805472,2254,1610,161,158,Raw Farmer's Cheese,"Creamy Cow, LLC",TRUE,12 oz,14,15.12,0.4,0.512,0.4,FALSE,174.9104
805673,2206.75,1285.74,54,46,"Cornish Roasting Chicken, Extra Large",Deck Family Farm,FALSE,"Extra Large, 5.00 - 6.00 lbs",35.52,38.36,0.6574,0.6111,0.491810164,TRUE,171.2438
806161,2174.6,1336.65,95,94,"Raw Honey, 1 pint",Deck Family Farm,TRUE,1 pint,23.32,25.19,0.6574,0.7903,0.65742715,FALSE,168.74896
871143,2154.66,1298.4,120,96,Hot Italian Sausage Links,Deck Family Farm's Hyland Artisinal Meats,TRUE,4 links/ pack 14 oz pack,17.93,19.36,0.6574,0.7893,0.657116451,FALSE,167.201616
836368,2095.8,1491,213,164,Mixed Dried Fruit,Small is Beautiful Farm,FALSE,1/2 Lb. bag,9.8,10.58,0.4,0.5114,0.4,FALSE,162.63408
805667,2040.99,1225.02,102,75,Beef Stew Meat,Deck Family Farm,TRUE,1.1 - 1.3 lbs,19.91,21.5,0.6574,0.7902,0.657785179,FALSE,158.380824
813075,1972.12,1190.04,94,75,Beef Flat Iron Steak,Deck Family Farm,TRUE,0.70 - 1.10 lbs,20.98,22.66,0.6574,0.7899,0.657187994,FALSE,153.036512
1125866,1968.4,1285,514,392,Orange Carrots,Camas Swale Farm,FALSE,1 bunch,3.5,3.78,0.4,0.512,0.4,FALSE,152.74784
805687,1924.1,1159.2,126,119,Summer Sausage,Deck Family Farm,TRUE,8 oz,15.25,16.47,0.6574,0.7902,0.657608696,FALSE,149.31016
813086,1771.33,1082.31,129,106,"Country Sausage, Bulk",Deck Family Farm,TRUE,12 oz,13.91,15.02,0.6574,0.7902,0.657926103,FALSE,137.455208
1028364,1754.8,1250.2,470,386,Soft-neck Garlic ( CA ),Organically Grown Company,FALSE,1/2 lb,3.72,4.02,0.4,0.5113,0.398496241,FALSE,136.17248
805950,1740.48,1155.6,1036,285,Bi-Color Corn,Camas Swale Farm,TRUE,each,1.54,1.66,0.4,0.5091,0.4,FALSE,135.061248
813084,1731.51,1044.45,99,77,Bratwurst,Deck Family Farm,TRUE,12 oz,17.49,18.89,0.6574,0.7905,0.657819905,FALSE,134.365176
805845,1661.67,1614.65,751,405,Yellow Potatoes (Canada Gold),Winter Green Farm,FALSE,1 lb,3.01,3.25,0.4,0.5116,0.4,FALSE,128.945592
941001,1652.3,996.96,31,29,"Brisket, Medium",Deck Family Farm,TRUE,"Medium, 3.00 - 3.99 lbs",53.3,57.56,0.6574,0.7898,0.657338308,FALSE,128.21848
805471,1650,1210,110,110,Raw Cultured Buttermilk,"Creamy Cow, LLC",TRUE,1 quart,15,16.2,0.4,0.4727,0.363636364,TRUE,128.04
899385,1623.44,1550,310,234,Broccoli,Camas Swale Farm,FALSE,ea,7,7.56,0.4,0.512,0.4,FALSE,125.978944
816242,1569.78,946.89,81,48,Baby Back Ribs,Deck Family Farm,FALSE,0.90 - 1.50 lbs,19.38,20.93,0.6574,0.7904,0.657827203,FALSE,121.814928
805661,1557.13,871.24,46,45,"Red Ranger Roasting Chicken, Small",Deck Family Farm,TRUE,"Small, 3.00 - 4.00 lbs",31.39,33.9,0.6574,0.7899,0.657338965,FALSE,120.833288
999641,1545.74,975,294,209,Heirloom Tomatoes,Red Tail Growers,TRUE,pound,4.48,4.84,0.4,0.5125,0.4,FALSE,119.949424
927368,1535.58,1092.5,437,298,Broccoli Rapini,Organically Grown Company,FALSE,bu,3.5,3.78,0.4,0.512,0.4,FALSE,119.161008
805701,1531.34,919.24,67,49,Korean Style Beef Ribs,Deck Family Farm,FALSE,1.20 - 1.40 lbs,22.74,24.56,0.6574,0.7901,0.657434402,FALSE,118.831984
963826,1523.91,919.56,79,73,Lamb Sundried Tomato Basil Sausage,Deck Family Farm,TRUE,12 oz,19.29,20.83,0.6574,0.7895,0.657216495,FALSE,118.255416
929452,1515.8,914.55,65,52,"Skirt Steak, Large",Deck Family Farm,FALSE,"Large, .80 - 1.20 lbs",23.32,25.19,0.6574,0.7903,0.65742715,FALSE,117.62608
816241,1514.36,981,50,39,Pork Spare Ribs,Deck Family Farm,TRUE,2.00 - 3.00 lbs,32.52,35.12,0.6574,0.79,0.657492355,FALSE,117.514336
805882,1513.47,1125.8,272,250,Green Cabbage,Red Tail Growers,TRUE,each,5.6,6.05,0.4,0.5125,0.4,FALSE,117.445272
805977,1513.19,1093.5,243,229,Salad Mix,Little Wings,FALSE,1/2 lb,6.3,6.8,0.4,0.5111,0.4,FALSE,117.423544
805781,1481.85,1056,1056,360,Red D'Anjou Pears,Organically Grown Company,FALSE,each,1.4,1.51,0.4,0.51,0.4,FALSE,114.99156
805720,1472.04,905.82,93,40,Peppered Knife Cut Beef Jerky,Deck Family Farm,TRUE,3 oz,16.14,17.43,0.6574,0.7895,0.657084189,FALSE,114.230304
1004980,1467.2,1102.25,517,402,Romaine Lettuce,Little Wings,TRUE,each,2.8,3.02,0.4,0.51,0.4,FALSE,113.85472
827440,1461.2,1276.76,118,77,Olympia Provisions Frankfurter,Deck Family Farm,FALSE,12 oz,17.93,19.36,0.6574,0.7893,0.657116451,FALSE,113.38912
960228,1457.5,879.5,50,22,Bavette Steak,Deck Family Farm,FALSE,0.9 - 1.6 lbs,29.15,31.48,0.6574,0.7897,0.657191586,FALSE,113.102
1013988,1452.92,875.14,98,50,Smoked Pork Shanks - Skin-on and Smoked,Deck Family Farm,TRUE,2 - 2.5 lbs,14.8,15.98,0.6574,0.7895,0.657334826,FALSE,112.746592
894790,1432.96,1021.75,61,56,2025 Arbequina  Olive Oil 250mL,River Ranch Oregon Olive OIl,TRUE,Ea.,23.45,25.33,0.4,0.5122,0.4,FALSE,111.197696
842611,1430.57,816.96,69,57,"Henni Penni Hispanico Cheese, 4 Month Aged,  7-8 oz","Creamy Cow, LLC",FALSE,7-8 oz,16.58,17.91,0.4,0.5127,0.400337838,FALSE,111.012232
806127,1396.2,996,83,77,Radiant Balanced Blend - Medium Roast Coffee Beans,Radiant Coffee Roasters,TRUE,12 oz,16.8,18.14,0.4,0.5117,0.4,FALSE,108.34512
813072,1386.87,844.35,39,31,Beef Back Ribs,Deck Family Farm,TRUE,2.00 - 3.00 lbs,35.88,38.75,0.6574,0.7898,0.657274827,FALSE,107.621112
805464,1339.12,831.76,74,71,"Henni Penni Hispanico Cheese, 4 Month Aged,  5.9-6.9 oz","Creamy Cow, LLC",FALSE,5.9-6.9 oz,15.74,17,0.4,0.5125,0.400355872,FALSE,103.915712
805711,1306.04,811.8,30,27,Lamb Shoulder Roast,Deck Family Farm,TRUE,2.30 - 2.70 lbs,44.85,48.44,0.6574,0.7901,0.657427938,FALSE,101.348704
1004600,1295.19,782.46,27,25,"Red Ranger Roasting Chicken, Large",Deck Family Farm,FALSE,"Large, 5.01 - 5.70 lbs",48.03,51.87,0.6574,0.7899,0.657349896,FALSE,100.506744
825839,1283.52,769.5,54,40,Lamb Kabob,Deck Family Farm,FALSE,1.1 - 1.35,23.62,25.51,0.6574,0.7902,0.65754386,FALSE,99.601152
813074,1263.39,756.37,43,31,Flank Steak,Deck Family Farm,FALSE,1.10 - 1.40 lbs,29.15,31.48,0.6574,0.7897,0.657191586,FALSE,98.039064
805753,1260,900,90,84,Cut Flower Bouquet,Small is Beautiful Farm,TRUE,each,14,15.12,0.4,0.512,0.4,FALSE,97.776
812626,1257.45,897,897,435,Red Potatoes (Idaho),Organically Grown Company,FALSE,1 lb,1.4,1.51,0.4,0.51,0.4,FALSE,97.57812
818963,1256.05,822.32,76,63,Greek Loukaniko Sausage Links,Deck Family Farm's Hyland Artisinal Meats,TRUE,4 links/ pack 14 oz pack,17.93,19.36,0.6574,0.7893,0.657116451,FALSE,97.46948
805670,1244.42,779.04,72,56,"Roast Beef, Sliced",Deck Family Farm,FALSE,8 oz,17.93,19.36,0.6574,0.7893,0.657116451,FALSE,96.566992
816246,1243.06,749.84,91,67,Pork Tenderloin,Deck Family Farm,FALSE,0.80 - 1.30 lbs,13.66,14.75,0.6574,0.79,0.65776699,FALSE,96.461456
1132419,1241.1,714.6,432,258,Red Baltic Rose Potatoes,Winter Green Farm,TRUE,1 lb,1.82,1.97,0.4,0.5154,0.4,FALSE,96.30936
1048411,1232.53,945.5,253,228,Shallots,Organically Grown Company,TRUE,1 lb,4.9,5.29,0.4,0.5114,0.4,FALSE,95.644328
910776,1220.6,1010.25,11,11,"Heritage Turkeys, Medium",Deck Family Farm,TRUE,12.01 - 14.00 lbs,112.12,121.09,0.6574,0.7899,0.657354028,FALSE,94.71856
806029,1215.1,903.5,139,133,Challah Sandwich Loaf,Reality Kitchen Nonprofit,TRUE,each,9.1,9.83,0.4,0.5123,0.4,FALSE,94.29176
805712,1202.56,721.68,62,53,Lamb Stew,Deck Family Farm,FALSE,0.90 - 1.10 lbs,19.29,20.83,0.6574,0.7895,0.657216495,FALSE,93.318656
899379,1197.47,1174.25,671,206,Honey Crisp Apple (WA),Organically Grown Company,FALSE,ea,2.63,2.84,0.4,0.6229,0.502857143,TRUE,92.923672
813079,1195.88,714.46,139,101,"Chicken Feet, 1lb bag",Deck Family Farm,TRUE,1 lb bag,8.52,9.2,0.6574,0.7899,0.657587549,FALSE,92.800288
929322,1173.2,832,208,178,Winter Carrots,Small is Beautiful Farm,FALSE,2# bag,5.6,6.05,0.4,0.5125,0.4,FALSE,91.04032
1011872,1171.57,703.3,65,59,Swedish Sausage Potato Dumplings,Deck Family Farm's Hyland Artisinal Meats,FALSE,13oz/ 10 Dumplings/Pack,17.93,19.36,0.6574,0.7893,0.657116451,FALSE,90.913832
907016,1155.7,825.5,65,61,Roasted Hazelnuts 12 oz.,Farmhands Co-Op,TRUE,12 oz bag,17.78,19.2,0.4,0.5118,0.4,FALSE,89.68232
806009,1153.6,812,406,277,Slicer Cucumbers,Camas Swale Farm,FALSE,1 lb,2.8,3.02,0.4,0.51,0.4,FALSE,89.51936
805979,1138.2,662,331,243,Green Zucchini,Camas Swale Farm,FALSE,1 lb,2.8,3.02,0.4,0.51,0.4,FALSE,88.32432
913651,1124.8,678.68,76,66,Bulk Thai Curry Sausage,Deck Family Farm's Hyland Artisinal Meats,TRUE,12 oz,14.8,15.98,0.6574,0.7895,0.657334826,FALSE,87.28448
813071,1122.24,665,28,22,Beef Shank Osso Buco,Deck Family Farm,FALSE,2.10 - 2.40 lbs,39.36,42.51,0.6574,0.7899,0.657263158,FALSE,87.085824
805653,1121.32,666.4,112,89,"Bacon Ends & Pieces, Pork",Deck Family Farm,TRUE,8 oz,9.86,10.65,0.6574,0.7899,0.657142857,FALSE,87.014432
805957,1119.95,726.9,408,297,Italian (Dino) Kale,Camas Swale Farm,FALSE,bu.,2.66,2.87,0.4,0.5105,0.4,FALSE,86.90812
806033,1110.91,856.25,137,134,Sourdough Rye Sandwich Loaf,Reality Kitchen Nonprofit,TRUE,each,8.75,9.45,0.4,0.512,0.4,FALSE,86.206616
883820,1102.5,774,344,257,Basil,Little Wings,FALSE,1 bu.,3.15,3.4,0.4,0.5111,0.4,FALSE,85.554
859028,1086.9,652.58,67,62,"Olympia Provisions, Dog Treats",Deck Family Farm,TRUE,5 oz,16.14,17.43,0.6574,0.7895,0.657084189,FALSE,84.34344
840822,1047.25,613.62,63,56,English Banger Sausage Links,Deck Family Farm's Hyland Artisinal Meats,TRUE,4 links/ pack 14 oz pack,16.14,17.43,0.6574,0.7895,0.657084189,FALSE,81.2666
913653,1038.71,625.24,77,42,Grass-Fed Organ Blend,Deck Family Farm's Hyland Artisinal Meats,TRUE,1 lb pack,13.46,14.54,0.6574,0.7906,0.657635468,FALSE,80.603896
859074,1038.54,690,345,264,Leeks,Organically Grown Company,FALSE,1 lb,2.8,3.02,0.4,0.51,0.4,FALSE,80.590704
806037,1025.15,781.25,125,122,Wholewheat Multigrain Sandwich Loaf,Reality Kitchen Nonprofit,TRUE,each,8.75,9.45,0.4,0.512,0.4,FALSE,79.55164
806115,1022.56,733.2,47,42,Organic Oat Flakes,Camas Country Mill,TRUE,4 lbs,21.84,23.59,0.4,0.5122,0.4,FALSE,79.350656
953039,1019.65,614.46,42,41,"Cornish Roasting Chicken, Small",Deck Family Farm,FALSE,"Small, 2.50 - 3.19 lbs",21.82,23.57,0.6574,0.6111,0.491455913,TRUE,79.12484
890302,1010.8,668,167,128,Blueberries,Organically Grown Company,FALSE,1 pint,5.6,6.05,0.4,0.5125,0.4,FALSE,78.43808
919070,1009.8,720,60,52,Radiant Balanced Blend - Medium Roast Ground Coffee,Radiant Coffee Roasters,TRUE,12 oz,16.8,18.14,0.4,0.5117,0.4,FALSE,78.36048
824478,1000.35,714,714,282,Russet potatoes (CA),Organically Grown Company,FALSE,1 lb,1.4,1.51,0.4,0.51,0.4,FALSE,77.62716
805659,996.13,596.16,21,16,Rack of Lamb,Deck Family Farm,FALSE,2.50 - 3.10 lbs,54,58.32,0.6574,0.7901,0.657458564,FALSE,77.299688
805721,996.04,600.88,74,48,Pepperoni stick,Deck Family Farm,FALSE,6 oz,17.93,19.36,0.6574,0.7893,0.657116451,FALSE,77.292704
805898,986.77,751.5,307,240,Fennel,Little Wings,TRUE,each,3.15,3.4,0.4,0.5111,0.4,FALSE,76.573352
869027,965.5,582.5,25,24,Beef Tri-Tip,Deck Family Farm,FALSE,1.90 - 2.20 lbs,38.62,41.71,0.6574,0.7901,0.65751073,FALSE,74.9228
1012261,953.23,680.92,29,29,VIRGO GLOW (WhippedTallow - skin care) 4 oz glass jar,Sabrooxel's Alchemy,TRUE,ea,32.87,35.5,0.4,0.5119,0.399914821,FALSE,73.970648
805710,928.18,496.74,34,32,"Lamb Shank, Whole",Deck Family Farm,FALSE,2.00 - 2.50 lbs,24.21,26.15,0.6574,0.7899,0.657084189,FALSE,72.026768
1038287,923.86,695.04,499,332,Red Beets,Organically Grown Company,FALSE,1 lb,1.9,2.05,0.4,0.5074,0.397058824,FALSE,71.691536
805772,907.2,668.4,144,118,Blackberries,Organically Grown Company,FALSE,1/2  pt,6.65,7.18,0.4,0.5116,0.4,FALSE,70.39872
1013987,905.32,544.73,61,48,Smoked Pork Hocks -Skin-on and Smoked,Deck Family Farm,TRUE,0.8 - 1.2 lbs,14.8,15.98,0.6574,0.7895,0.657334826,FALSE,70.252832
1108429,895.58,651.2,148,131,Spinach  1/2 Lb.,Little Wings,FALSE,each,6.16,6.65,0.4,0.5114,0.4,FALSE,69.497008
806133,890.4,636,53,51,Radiant Midnight Blend - Dark Roast Coffee Beans,Radiant Coffee Roasters,TRUE,12 oz,16.8,18.14,0.4,0.5117,0.4,FALSE,69.09504
973113,887.95,634.25,215,167,Sugar Snap Peas,Camas Swale Farm,FALSE,1/2 lb,4.13,4.46,0.4,0.5119,0.4,FALSE,68.90492
806148,870.84,621.86,118,73,Basil Tomato Sauce,Sweet Creek,FALSE,16 oz,7.38,7.97,0.4,0.5123,0.400379507,FALSE,67.577184
805876,864.78,549.5,157,141,Red Cherry Tomatoes,Little Wings,FALSE,each,4.9,5.29,0.4,0.5114,0.4,FALSE,67.106928
1021692,857.1,659,290,241,Rainbow Chard,Camas Swale Farm,TRUE,each,3.5,3.78,0.4,0.512,0.4,FALSE,66.51096
805848,856.52,609.1,299,222,Green Curly Kale,Little Wings,TRUE,each,2.8,3.02,0.4,0.51,0.4,FALSE,66.465952
1131456,850.08,607.2,132,97,Pink Raspberries,Organically Grown Company,FALSE,1/2 pt,6.44,6.96,0.4,0.513,0.4,FALSE,65.966208
972408,840,600,150,141,Salanova Lettuce Mix,Camas Swale Farm,FALSE,1/2 lb bag,5.6,6.05,0.4,0.5125,0.4,FALSE,65.184
881794,836.64,504,56,52,"Live Culture Yogurt, glass jar 1 pint","Creamy Cow, LLC",TRUE,1 pint,14.94,16.14,0.4,0.7933,0.66,TRUE,64.923264
922135,828.24,499.8,84,73,Beef Bones,Deck Family Farm,TRUE,3.00 - 5.00 lbs,9.86,10.65,0.6574,0.7899,0.657142857,FALSE,64.271424
973114,826.56,578,136,129,Arugula,Red Tail Growers,TRUE,1/2 lb bag,5.95,6.43,0.4,0.5129,0.4,FALSE,64.141056
1130087,808.29,579.6,252,198,Orange Carrots,Winter Green Farm,FALSE,1 bunch,3.22,3.48,0.4,0.513,0.4,FALSE,62.723304
940994,803.84,485.12,64,59,"Raw Walnuts, 1/2 lb",Deck Family Farm,FALSE,1/2 lb,12.56,13.56,0.6574,0.7889,0.656992084,FALSE,62.377984
805900,796.4,567.5,227,161,Parsnips,Organically Grown Company,FALSE,1 lb,3.5,3.78,0.4,0.512,0.4,FALSE,61.80064
900152,791.4,564,47,46,"Garbanzo Beans/ Chickpeas, Organic",Camas Country Mill,FALSE,3 lbs,16.8,18.14,0.4,0.5117,0.4,FALSE,61.41264
957423,784.55,584.48,52,52,"Gogo Gouda Cheese, 4 Month Aged, 5.9-6.9 oz","Creamy Cow, LLC",FALSE,5.9 -6.9 oz,15.74,17,0.4,0.5125,0.400355872,FALSE,60.88108
806136,782.28,558.62,106,82,Roasted Garlic Tomato Sauce,Sweet Creek,FALSE,16 oz,7.38,7.97,0.4,0.5123,0.400379507,FALSE,60.704928
805919,779.87,483,328,212,Green Romaine Little Gem,Red Tail Growers,FALSE,each,1.89,2.04,0.4,0.5111,0.4,FALSE,60.517912
805765,775.25,553,79,59,Frozen Strawberries,Full Farm CSA,FALSE,~1 lbs,9.8,10.58,0.4,0.5114,0.4,FALSE,60.1594
928530,772.16,550,310,241,Gold Beets,Organically Grown Company,FALSE,lb,2.24,2.42,0.4,0.5125,0.4,FALSE,59.919616
1008414,753.52,454.64,8,8,"Heritage Thanksgiving Turkey, Small",Deck Family Farm,TRUE,9 - 12  lbs,94.19,101.73,0.6574,0.7901,0.657399261,FALSE,58.473152
816472,753.48,454.62,6,6,"Heritage Turkeys, Large",Deck Family Farm,FALSE,14.01 - 16.00  lbs,125.58,135.63,0.6574,0.79,0.657384189,FALSE,58.470048
881653,746.94,533.83,211,148,Nantes Carrots,Organically Grown Company,FALSE,bunch,3.54,3.82,0.4,0.5099,0.399209486,FALSE,57.962544
901753,731.24,381.52,41,41,Olympia Provisions Saucisson D'Arles Salami,Deck Family Farm,TRUE,4.5 oz,13.46,14.54,0.6574,0.7906,0.657635468,FALSE,56.744224
806124,709.2,504,42,40,Brazil Cerrado Miniero - Dark Roast Coffee Beans,Radiant Coffee Roasters,FALSE,12 oz,16.8,18.14,0.4,0.5117,0.4,FALSE,55.03392
806122,707.56,505.4,38,37,Organic Sonora Soft White Wheat Flour,Camas Country Mill,TRUE,4 lbs,18.62,20.11,0.4,0.512,0.4,FALSE,54.906656
805880,698.25,472,236,214,Fresh Chives,Red Tail Growers,TRUE,each,2.8,3.02,0.4,0.51,0.4,FALSE,54.1842
925430,688.8,492,41,37,Radiant Breakfast Blend - Light Roast Coffee Beans,Radiant Coffee Roasters,TRUE,12 oz,16.8,18.14,0.4,0.5117,0.4,FALSE,53.45088
1131458,683.62,488.3,38,35,Rainer Cherries (WA),Organically Grown Company,FALSE,1.5 lb. bag,17.99,19.43,0.4,0.5121,0.4,FALSE,53.048912
816905,681.34,411.16,38,35,Cajun Chaurice Sausage Links,Deck Family Farm's Hyland Artisinal Meats,TRUE,4 links/ pack 14 oz pack,17.93,19.36,0.6574,0.7893,0.657116451,FALSE,52.871984
894793,679.35,482.9,22,21,Flavor Infused Olive Oil- Garlic 250mL,River Ranch Oregon Olive OIl,FALSE,250mL,30.73,33.19,0.4,0.5121,0.4,FALSE,52.71756
1023367,673.14,420.81,39,38,"Shredded Alpine Cheese Blend, 6oz","Creamy Cow, LLC",FALSE,6 oz bag,17.26,18.64,0.4,0.7275,0.599629286,TRUE,52.235664
806159,672.6,405.9,30,28,"Raw Walnuts, 1 lb",Deck Family Farm,FALSE,1 lb,22.42,24.21,0.6574,0.7894,0.657058389,FALSE,52.19376
806110,661.82,471.5,41,40,Oregon Wild Rice,Camas Country Mill,FALSE,16 oz,16.1,17.39,0.4,0.5122,0.4,FALSE,51.357232
1018719,655.2,468,39,35,Radiant Roasters Chiapas Mexico Light Roast Coffee Beans,Radiant Coffee Roasters,FALSE,12 oz bag,16.8,18.14,0.4,0.5117,0.4,FALSE,50.84352
805925,655.2,468,234,209,Green Scallions,Camas Swale Farm,FALSE,each,2.8,3.02,0.4,0.51,0.4,FALSE,50.84352
806129,650.66,464.4,43,38,Pardina Brown Lentils,Camas Country Mill,TRUE,3 lbs,15.12,16.33,0.4,0.512,0.4,FALSE,50.491216
894282,640.39,385.02,46,36,"Skirt Steak, Small",Deck Family Farm,TRUE,"Small, 0.40 - 0.79 lbs",13.87,14.98,0.6574,0.7897,0.657108722,FALSE,49.694264
805872,634.9,521.5,217,200,Celery,Camas Swale Farm,FALSE,each,3.5,3.78,0.4,0.512,0.4,FALSE,49.26824
1108431,633.85,418,209,195,Cilantro,Camas Swale Farm,FALSE,bu,2.8,3.02,0.4,0.51,0.4,FALSE,49.18676
806065,623,445,178,99,Gluten Free Seven Layer Cookie,Elegant Elephant Baking Co.,TRUE,each,3.5,3.78,0.4,0.512,0.4,FALSE,48.3448
990715,621.6,444,74,69,"Live Culture Yogurt, 8oz","Creamy Cow, LLC",TRUE,8 oz,8.4,9.07,0.4,0.5117,0.4,FALSE,48.23616
806041,614.1,438,73,66,Gluten Free Cinnamon Roll Pan,Elegant Elephant Baking Co.,TRUE,"6""",8.4,9.07,0.4,0.5117,0.4,FALSE,47.65416
806060,611.8,437,92,74,Gluten Free Pizza Dough,Elegant Elephant Baking Co.,TRUE,22 oz. each,6.65,7.18,0.4,0.5116,0.4,FALSE,47.47568
960551,609.83,382.2,220,186,Red Radish,Winter Green Farm,TRUE,each,2.31,2.49,0.4,0.5091,0.4,FALSE,47.322808
806024,603.58,487.5,75,74,Braided Challah (plain),Reality Kitchen Nonprofit,TRUE,each,9.1,9.83,0.4,0.5123,0.4,FALSE,46.837808
805459,601.3,394.16,104,104,"Organic Pasture Raised Chicken Eggs, 1/2 dozen",Deck Family Farm,TRUE,1/2 dozen,6.28,6.78,0.6574,0.7889,0.656992084,FALSE,46.66088
806057,595,425,25,24,Gluten Free Mixed Berry Pie,Elegant Elephant Baking Co.,TRUE,"9""",23.8,25.7,0.4,0.5118,0.4,FALSE,46.172
805719,591.69,357.06,33,22,"Pastrami, Sliced",Deck Family Farm,TRUE,8 oz,17.93,19.36,0.6574,0.7893,0.657116451,FALSE,45.915144
1058761,586.04,418.14,138,123,Calcot Onion Bunch,Organically Grown Company,FALSE,bu,4.24,4.58,0.4,0.5116,0.399339934,FALSE,45.476704
879550,582.4,416,208,133,Baby Bok Choi,Red Tail Growers,FALSE,Bunch,2.8,3.02,0.4,0.51,0.4,FALSE,45.19424
841579,582.16,312.55,35,31,Beef Liver,Deck Family Farm,TRUE,0.90 - 1.30 lbs,14.82,16.01,0.6574,0.7928,0.659574468,FALSE,45.175616
1082291,576.8,412,103,95,Winter Salad Mix,Small is Beautiful Farm,FALSE,1/2 lb,5.6,6.05,0.4,0.5125,0.4,FALSE,44.75968
912736,566.42,402.9,102,100,Red Cabbage,Organically Grown Company,FALSE,each,5.53,5.97,0.4,0.5114,0.4,FALSE,43.954192
1019999,559.43,337.55,43,32,Classic Turkey Broth,Deck Family Farm's Hyland Artisinal Meats,TRUE,1 quart,13.01,14.05,0.6574,0.7898,0.657324841,FALSE,43.411768
806036,556.92,397.46,119,91,Mango Marigold Kombucha,BNF Kombucha and Jun,TRUE,16 fl. oz,4.68,5.05,0.4,0.512,0.401197605,FALSE,43.216992
901488,550.27,382,83,76,Jalapeno,Organically Grown Company,FALSE,lb,7,7.56,0.4,0.512,0.4,FALSE,42.700952
866256,548.04,332.26,37,37,"Henni Penni Hispanico Cheese, 4 Month Aged, 4.8-5.8 oz","Creamy Cow, LLC",FALSE,4.8-5.8 oz,12.57,13.58,0.4,0.5122,0.399777283,FALSE,42.527904
813076,545.28,325.08,28,22,Beef Oxtail,Deck Family Farm,TRUE,1.40 - 1.90 lbs,19.24,20.78,0.6574,0.7898,0.657192076,FALSE,42.313728
806146,544.57,389.08,71,45,Tomatillo Salsa,Sweet Creek,TRUE,16 oz,7.67,8.28,0.4,0.5109,0.399635036,FALSE,42.258632
995521,537.6,384,48,45,Dried and cured Inchellium Garlic,Camas Swale Farm,FALSE,lb,11.2,12.1,0.4,0.5125,0.4,FALSE,41.71776
812655,534.75,381,381,149,Mix of  Comice/D'Anjou,Organically Grown Company,FALSE,ea,1.4,1.51,0.4,0.51,0.4,FALSE,41.4966
806097,533.2,380,95,68,Nutritional Yeast Popcorn,Lonesome Whistle,FALSE,0.4 lb bag,5.6,6.05,0.4,0.5125,0.4,FALSE,41.37632
818957,531.53,318.68,62,51,Chicken Hearts,Deck Family Farm,TRUE,1/2 lb bag,8.53,9.21,0.6574,0.7918,0.659533074,FALSE,41.246728
925431,523.6,379,31,25,Radiant Decaf Columbia Ground Coffee,Radiant Coffee Roasters,TRUE,12 oz,18.2,19.66,0.4,0.5123,0.4,FALSE,40.63136
812656,520.8,369.8,174,144,Dino Lacinato Kale,Little Wings,TRUE,bu,2.8,3.02,0.4,0.51,0.4,FALSE,40.41408
806055,518.75,370,74,70,Gluten Free Mini Banana Bread Loaf,Elegant Elephant Baking Co.,TRUE,each,7,7.56,0.4,0.512,0.4,FALSE,40.255
805913,515.9,315,126,104,Green Bell Pepper,Camas Swale Farm,TRUE,1 lb,3.5,3.78,0.4,0.512,0.4,FALSE,40.03384
806113,514.23,367.22,61,49,Just Apple Apple Sauce,Sweet Creek,TRUE,32 oz,8.43,9.1,0.4,0.5116,0.400332226,FALSE,39.904248
805944,510.3,364.5,81,65,Poblano Peppers,Little Wings,FALSE,1 lb,6.3,6.8,0.4,0.5111,0.4,FALSE,39.59928
913650,505.1,302.96,28,26,Thai Curry Sausage Links,Deck Family Farm's Hyland Artisinal Meats,TRUE,4 links/ pack 14 oz pack,17.93,19.36,0.6574,0.7893,0.657116451,FALSE,39.19576
806107,504,360,80,61,Roasted Hazelnuts 4 oz,Farmhands Co-Op,TRUE,4 oz bag,6.3,6.8,0.4,0.5111,0.4,FALSE,39.1104
921713,497.12,315,105,101,Purple Daikon Radish,Winter Green Farm,TRUE,1 pound,4.48,4.84,0.4,0.5125,0.4,FALSE,38.576512
805889,491.4,348,174,162,Dill,Camas Swale Farm,FALSE,each,2.8,3.02,0.4,0.51,0.4,FALSE,38.13264
805694,489.63,200.17,37,25,Tamari Pressed Beef Jerky,Deck Family Farm,TRUE,3 oz,8.97,9.69,0.6574,0.7911,0.658040665,FALSE,37.995288
806135,487.2,348.6,20,19,Sues Soup Mix,Camas Country Mill,TRUE,3 lbs,24.78,26.76,0.4,0.5119,0.4,FALSE,37.80672
806091,486.78,347.9,37,37,Organic All Purpose Low Gluten Flour,Camas Country Mill,TRUE,4 lbs,13.3,14.36,0.4,0.5116,0.4,FALSE,37.774128
805782,478.8,342,72,55,Red Raspberries,Organically Grown Company,FALSE,1/2 pt,6.65,7.18,0.4,0.5116,0.4,FALSE,37.15488
1004523,465.24,354,118,113,Fresh Cilantro,Grazier's Garden,FALSE,bunch,4.2,4.54,0.4,0.5133,0.4,FALSE,36.102624
806137,463.75,331.25,25,24,Three Sisters Porridge,Camas Country Mill,FALSE,4 lbs,18.55,20.03,0.4,0.5117,0.4,FALSE,35.987
806081,457.71,327.04,73,70,Blackberry Fruit Spread,Sweet Creek,TRUE,10 oz,6.27,6.77,0.4,0.5112,0.399553571,FALSE,35.518296
912554,454.16,258,129,100,Leeks,Red Tail Growers,FALSE,1 bunch,2.8,3.02,0.4,0.51,0.4,FALSE,35.242816
893267,452.42,322.2,36,33,2025 Arbequina  Olive Oil 100mL,River Ranch Oregon Olive OIl,TRUE,Ea.,12.53,13.53,0.4,0.5117,0.4,FALSE,35.107792
856878,452.13,272.79,7,6,"Brisket, Large",Deck Family Farm,FALSE,"Large, 4.00 - 5.00 lbs",64.59,69.76,0.6574,0.7901,0.657428791,FALSE,35.085288
806134,452.11,322.56,72,62,Raspberry Fruit Spread,Sweet Creek,FALSE,10 oz,6.27,6.77,0.4,0.5112,0.399553571,FALSE,35.083736
980329,450.45,321.75,117,73,Green Broccolini,Little Wings,FALSE,each,3.85,4.16,0.4,0.5127,0.4,FALSE,34.95492
806031,449.28,320.64,96,78,Grape Lavender Kombucha,BNF Kombucha and Jun,TRUE,16 fl. oz,4.68,5.05,0.4,0.512,0.401197605,FALSE,34.864128
805677,447.9,251.86,49,43,Chicken Liver,Deck Family Farm,TRUE,1/2 lb bag,8.52,9.2,0.6574,0.7899,0.657587549,FALSE,34.75704
825833,445.36,268.66,19,19,Beef Tongue,Deck Family Farm,TRUE,2.50 - 3.00 lbs,23.44,25.32,0.6574,0.7907,0.657708628,FALSE,34.559936
806045,444.6,317.3,95,68,Peach Rose Kombucha,BNF Kombucha and Jun,TRUE,16 fl. oz,4.68,5.05,0.4,0.512,0.401197605,FALSE,34.50096
906542,442.4,290.5,83,63,Red Bell Pepper,Camas Swale Farm,FALSE,lb,4.9,5.29,0.4,0.5114,0.4,FALSE,34.33024
806062,441,315,45,45,Gluten Free Potato Loaf with Teff,Elegant Elephant Baking Co.,TRUE,each,9.8,10.58,0.4,0.5114,0.4,FALSE,34.2216
806040,439.92,313.96,94,50,Moonfruit Yerbe Mate Kombucha,BNF Kombucha and Jun,TRUE,16 fl. oz,4.68,5.05,0.4,0.512,0.401197605,FALSE,34.137792
806042,439.92,313.96,94,72,Oregon Blueberry Kombucha,BNF Kombucha and Jun,FALSE,16 fl. oz,4.68,5.05,0.4,0.512,0.401197605,FALSE,34.137792
806106,439.72,313.5,57,47,Green Enchilada Sauce,Sweet Creek,TRUE,each,7.7,8.32,0.4,0.5127,0.4,FALSE,34.122272
925432,436.8,312,26,17,Radiant Breakfast Blend - Light Roast Ground Coffee,Radiant Coffee Roasters,TRUE,12 oz,16.8,18.14,0.4,0.5117,0.4,FALSE,33.89568
805675,435.78,292.14,27,20,"Olympia Provisions, Rosette D'Oregon Salami",Deck Family Farm,FALSE,4.5 oz,17.93,19.36,0.6574,0.7893,0.657116451,FALSE,33.816528
806023,435.75,311.25,83,56,Ginger Turmeric Jun,BNF Kombucha and Jun,TRUE,16 fl. oz,5.25,5.67,0.4,0.512,0.4,FALSE,33.8142
941045,433.62,259.68,48,44,"Rendered Beef Tallow, 8 oz",Deck Family Farm's Hyland Artisinal Meats,TRUE,8 oz,8.97,9.69,0.6574,0.7911,0.658040665,FALSE,33.648912
805978,431.2,308,154,149,Parsley,Camas Swale Farm,TRUE,each,2.8,3.02,0.4,0.51,0.4,FALSE,33.46112
1111541,431.13,307.95,159,150,Green Onion/Scallions,Winter Green Farm,TRUE,bu,2.59,2.8,0.4,0.5135,0.4,FALSE,33.455688
805466,431.08,307.84,26,24,"Lucianna Toma Rustica Cheese, 4 Month Aged, 7-8 oz","Creamy Cow, LLC",FALSE,7-8 oz,16.58,17.91,0.4,0.5127,0.400337838,FALSE,33.451808
1122286,425.6,284,71,68,Baby Green Salad Mix (1/2 lb),Grazier's Garden,FALSE,bag,5.6,6.05,0.4,0.5125,0.4,FALSE,33.02656
805769,425.6,304,64,57,Cantaloupe,Grazier's Garden,FALSE,each,6.65,7.18,0.4,0.5116,0.4,FALSE,33.02656
806140,425.39,303.85,59,54,"Salsa, Medium",Sweet Creek,FALSE,16 oz,7.21,7.79,0.4,0.5126,0.4,FALSE,33.010264
995528,425.25,303.75,135,91,Austrian Cresent Fingerling Potatoes,Camas Swale Farm,FALSE,lb,3.15,3.4,0.4,0.5111,0.4,FALSE,32.9994
806020,421.2,300.6,90,71,Blackberry Herbalism Kombucha,BNF Kombucha and Jun,TRUE,16 fl. oz,4.68,5.05,0.4,0.512,0.401197605,FALSE,32.68512
806142,418.95,299.25,57,56,Strawberry Fruit Spread,Sweet Creek,FALSE,10 oz,7.35,7.94,0.4,0.5124,0.4,FALSE,32.51052
805767,417.2,298,68,47,Fresh Strawberries,Grazier's Garden,FALSE,Pint,5.95,6.43,0.4,0.5129,0.4,FALSE,32.37472
884968,416.5,297.5,70,64,Little Gem Mix,Red Tail Growers,FALSE,1/2 lb bag,5.95,6.43,0.4,0.5129,0.4,FALSE,32.3204
805663,412.39,248.86,23,19,"Rendered Beef Tallow, 16 oz",Deck Family Farm's Hyland Artisinal Meats,TRUE,16 oz,17.93,19.36,0.6574,0.7893,0.657116451,FALSE,32.001464
983715,411.22,293.77,55,54,Green garlic,Organically Grown Company,FALSE,1 lb,10.15,10.96,0.4,0.5117,0.4,FALSE,31.910672
813069,410.56,247.68,32,21,Teres Major Steak,Deck Family Farm,FALSE,0.40 - 0.70 lbs,12.83,13.86,0.6574,0.7907,0.657622739,FALSE,31.859456
806056,404.25,288.75,77,67,Raspberry Reishi Jun,BNF Kombucha and Jun,TRUE,16 fl. oz,5.25,5.67,0.4,0.512,0.4,FALSE,31.3698
805928,403.9,310,124,112,Sweet Salad Turnips,Red Tail Growers,FALSE,bu,3.5,3.78,0.4,0.512,0.4,FALSE,31.34264
991384,403.2,288,96,77,Honey Plum,Small is Beautiful Farm,FALSE,pt,4.2,4.54,0.4,0.5133,0.4,FALSE,31.28832
806119,402.9,287.64,51,43,Mushroom Tomato Sauce,Sweet Creek,FALSE,16 oz,7.9,8.53,0.4,0.5124,0.40070922,FALSE,31.26504
806076,402.21,286.62,51,48,Apricot Fruit Spread,Sweet Creek,TRUE,10 oz,7.87,8.5,0.4,0.5125,0.400355872,FALSE,31.211496
957424,397.92,284.16,24,21,"Gogo Gouda Cheese, 4 Month Aged, 7.0-8.0 oz","Creamy Cow, LLC",FALSE,7.0-8.0 oz,16.58,17.91,0.4,0.5127,0.400337838,FALSE,30.878592
825834,394.92,235.48,29,29,Beef Marrow Bones,Deck Family Farm,FALSE,3.00 - 5.00 lbs,13.46,14.54,0.6574,0.7906,0.657635468,FALSE,30.645792
1123569,394.8,272,68,60,Baby Kale (1/2lb),Grazier's Garden,FALSE,bag,5.6,6.05,0.4,0.5125,0.4,FALSE,30.63648
806131,386.4,279,23,22,Radiant Decaf Columbia Coffee Beans,Radiant Coffee Roasters,TRUE,12 oz,18.2,19.66,0.4,0.5123,0.4,FALSE,29.98464
899377,385.1,333,370,109,Granny Smith Apple (WA),Organically Grown Company,FALSE,ea,1.35,1.46,0.4,0.6222,0.5,TRUE,29.88376
910701,376.06,277.25,93,66,Shishito Pepper Pint,Grazier's Garden,FALSE,each,4.5,4.86,0.4,0.62,0.5,TRUE,29.182256
1058759,375.16,267.28,104,84,Watercress,Organically Grown Company,FALSE,bu,3.6,3.89,0.4,0.5136,0.40077821,FALSE,29.112416
999637,373.8,267,89,85,Satsuma plums,Small is Beautiful Farm,FALSE,pt,4.2,4.54,0.4,0.5133,0.4,FALSE,29.00688
806049,372.75,266.25,71,60,Pear Jun,BNF Kombucha and Jun,FALSE,16 fl. oz,5.25,5.67,0.4,0.512,0.4,FALSE,28.9254
805713,372.52,223.25,25,20,"Landjaeger Jerky, 3 pack",Deck Family Farm,TRUE,3 oz,14.8,15.98,0.6574,0.7895,0.657334826,FALSE,28.907552
894792,372.05,263.4,12,12,Flavor Infused Olive Oil- Rosemary and Basil 250mL,River Ranch Oregon Olive OIl,TRUE,250mL,30.73,33.19,0.4,0.5121,0.4,FALSE,28.87108
874465,368.9,263.5,62,57,Red Tail Fall Salad  Mix,Red Tail Growers,TRUE,1/2 lb. bag,5.95,6.43,0.4,0.5129,0.4,FALSE,28.62664
806026,361.06,279.5,43,43,Braided Challah (seeded),Reality Kitchen Nonprofit,TRUE,each,9.1,9.83,0.4,0.5123,0.4,FALSE,28.018256
806034,360.36,257.18,77,54,Hibiscus Mint Yerbe Mate Kombucha,BNF Kombucha and Jun,TRUE,16. fl oz,4.68,5.05,0.4,0.512,0.401197605,FALSE,27.963936
1017975,359.92,255.2,116,76,Bulk Carrots,Grazier's Garden,FALSE,pound,3.08,3.33,0.4,0.5136,0.4,FALSE,27.929792
903477,358.68,256.2,61,53,Toybox Cherry Tomatoes,Little Wings,FALSE,1 pt,5.88,6.35,0.4,0.5119,0.4,FALSE,27.833568
805873,356.61,216.08,74,64,Butternut Squash,Full Farm CSA,FALSE,3-4 lbs each,4.09,4.42,0.4,0.5137,0.400684932,FALSE,27.672936
1036758,354.3,251.58,21,19,"Ophelia Asiago Cheese  - Special 12 month Aged, 5.9-6.9 oz","Creamy Cow, LLC",FALSE,5.9 -6.9oz,16.77,18.11,0.4,0.5117,0.399833055,FALSE,27.49368
806126,352.35,251.55,45,40,Pickled Beets,Sweet Creek,TRUE,16 oz,7.83,8.46,0.4,0.5134,0.400715564,FALSE,27.34236
983730,352.1,237.5,95,86,Green Scallions,Small is Beautiful Farm,FALSE,each,3.5,3.78,0.4,0.512,0.4,FALSE,27.32296
910775,349.83,211.08,3,2,"Broad Breasted White Turkeys, Large",Deck Family Farm,TRUE,14.01 - 16.00 lbs,116.61,125.94,0.6574,0.7899,0.657333712,FALSE,27.146808
806093,347.8,248,62,57,Jalapeno Cheddar Popcorn,Lonesome Whistle,TRUE,0.4 lb bag,5.6,6.05,0.4,0.5125,0.4,FALSE,26.98928
805832,347.2,248,62,54,Spinach  1/2 Lb.,Small is Beautiful Farm,FALSE,each,5.6,6.05,0.4,0.5125,0.4,FALSE,26.94272
806027,346.32,247.16,74,54,Ginger Zen Kombucha,BNF Kombucha and Jun,FALSE,16 fl. oz,4.68,5.05,0.4,0.512,0.401197605,FALSE,26.874432
806123,345.9,245.48,34,33,Paul's Dill Pickles,Sweet Creek,TRUE,32 oz,10.11,10.92,0.4,0.5125,0.400277008,FALSE,26.84184
812595,341.55,243,27,27,Wildcraft Hot Sauce,Full Farm CSA,FALSE,ea,12.6,13.61,0.4,0.5122,0.4,FALSE,26.50428
925433,337.8,240,20,20,Radiant Midnight Blend - Dark Roast Ground Coffee,Radiant Coffee Roasters,TRUE,12 oz,16.8,18.14,0.4,0.5117,0.4,FALSE,26.21328
806022,337.8,240,80,51,Gluten Free Blackberry Hand Pie,Elegant Elephant Baking Co.,TRUE,each,4.2,4.54,0.4,0.5133,0.4,FALSE,26.21328
805932,337.8,240,60,56,Shallots,Red Tail Growers,FALSE,1 lb,5.6,6.05,0.4,0.5125,0.4,FALSE,26.21328
805822,337.4,246,82,78,Spring Onion Bunch,Winter Green Farm,FALSE,1 bunch,4.2,4.54,0.4,0.5133,0.4,FALSE,26.18224
806092,337.2,240.8,40,36,Cinnamon Apple Sauce,Sweet Creek,TRUE,32 oz,8.43,9.1,0.4,0.5116,0.400332226,FALSE,26.16672
806100,336.6,240,60,49,Dakota Black Kettle Corn,Lonesome Whistle,FALSE,0.4 lb bag,5.6,6.05,0.4,0.5125,0.4,FALSE,26.12016
805755,327.6,234,78,57,Striped Eggplant,Little Wings,FALSE,1 lb,4.2,4.54,0.4,0.5133,0.4,FALSE,25.42176
806164,326.62,232.5,31,30,Gluten Free Apple Pie,Elegant Elephant Baking Co.,TRUE,"6""",10.5,11.34,0.4,0.512,0.4,FALSE,25.345712
1061158,320.88,229.32,42,30,Chipotle Enchilada Sauce,Sweet Creek,TRUE,16 oz ea,7.64,8.25,0.4,0.511,0.399267399,FALSE,24.900288
825830,320.75,193.5,25,16,Hanger Steak,Deck Family Farm,FALSE,0.40 - 0.70 lbs,12.83,13.86,0.6574,0.7907,0.657622739,FALSE,24.8902
874966,320.74,223.85,83,72,Red Beets,Camas Swale Farm,TRUE,1 bunch,3.29,3.55,0.4,0.5106,0.4,FALSE,24.889424
1004866,319.2,228,152,84,Frozen Heirloom Tomatoes,Grazier's Garden,TRUE,Frozen Tomatoes,2.1,2.27,0.4,0.5133,0.4,FALSE,24.76992
1133719,318.44,227.24,76,55,Eggplant,Organically Grown Company,FALSE,each,4.19,4.53,0.4,0.5151,0.401337793,FALSE,24.710944
926707,317.75,261.8,68,63,Daikon Radish (WA),Organically Grown Company,FALSE,1 Lb,5.39,5.82,0.4,0.5117,0.4,FALSE,24.6574
805888,316.38,222.56,108,68,Delicata Squash,Full Farm CSA,TRUE,about 2 lbs each,3.22,3.48,0.4,0.513,0.4,FALSE,24.551088
806090,314.2,224,56,49,Garlic Dill Popcorn,Lonesome Whistle,TRUE,0.4 lb bag,5.6,6.05,0.4,0.5125,0.4,FALSE,24.38192
1008413,310.42,214.82,3,3,"Broad Breasted White Turkeys, Small",Deck Family Farm,TRUE,9 - 12  lbs,85.21,92.03,0.6574,0.7901,0.657459638,FALSE,24.088592
806099,303.16,216.48,44,34,"Enchilada Red Sauce, Medium",Sweet Creek,TRUE,16 oz,6.89,7.44,0.4,0.5122,0.400406504,FALSE,23.525216
1018192,301.7,215.5,137,90,Yellow Onion,Small is Beautiful Farm,TRUE,1lb,2.1,2.27,0.4,0.5133,0.4,FALSE,23.41192
805983,301,223,84,68,Shishito Frying Pepper,Camas Swale Farm,TRUE,each,4.2,4.54,0.4,0.5133,0.4,FALSE,23.3576
805938,299.1,213.2,52,46,Sunchokes,Organically Grown Company,FALSE,1 lb,5.74,6.2,0.4,0.5122,0.4,FALSE,23.21016
994208,297.5,212.5,85,65,Muncher Cucumber,Little Wings,FALSE,lb,3.5,3.78,0.4,0.512,0.4,FALSE,23.086
883818,297.5,212.5,85,78,Rainbow Carrots,Camas Swale Farm,FALSE,1 bunch,3.5,3.78,0.4,0.512,0.4,FALSE,23.086
806130,292.34,208.23,33,17,Pickled Jalapenos,Sweet Creek,TRUE,16 oz,8.83,9.54,0.4,0.5119,0.399366086,FALSE,22.685584
1133723,289.94,207.1,38,36,"Kaiware, Purple Microgreens",Organically Grown Company,FALSE,2 oz ea,7.63,8.24,0.4,0.5119,0.4,FALSE,22.499344
897379,289.8,207,46,41,Green beans,Little Wings,FALSE,pound,6.3,6.8,0.4,0.5111,0.4,FALSE,22.48848
1122274,289.1,184,92,79,Garlic Scapes,Grazier's Garden,FALSE,bu,2.8,3.02,0.4,0.51,0.4,FALSE,22.43416
806067,287.63,208.05,19,19,Camas Pizza Blend,Camas Country Mill,TRUE,4 lbs,15.33,16.56,0.4,0.5123,0.4,FALSE,22.320088
981428,286.3,172.5,69,64,Baby Red Onion,Organically Grown Company,FALSE,bu,3.5,3.78,0.4,0.512,0.4,FALSE,22.21688
805991,285.6,195,81,71,Red Radicchio,Red Tail Growers,TRUE,each,3.29,3.55,0.4,0.5106,0.4,FALSE,22.16256
964229,285.6,204,102,76,Green  Leaf Lettuce,Red Tail Growers,FALSE,each,2.8,3.02,0.4,0.51,0.4,FALSE,22.16256
919246,284.9,205.75,96,72,Collard Greens,Camas Swale Farm,TRUE,each,3.15,3.4,0.4,0.5111,0.4,FALSE,22.10824
805476,283.5,189,27,27,Raw Whey,"Creamy Cow, LLC",TRUE,1 quart,10.5,11.34,0.4,0.62,0.5,TRUE,21.9996
805975,283.36,202.4,46,40,Orange Bell Pepper,Little Wings,FALSE,1 lb,6.16,6.65,0.4,0.5114,0.4,FALSE,21.988736
805693,282.82,168.8,16,16,"Honey Maple Ham, Sliced",Deck Family Farm,FALSE,8 oz,17.49,18.89,0.6574,0.7905,0.657819905,FALSE,21.946832
874466,281.75,201.25,115,90,Red Little Gem Lettuce,Red Tail Growers,FALSE,ea,2.45,2.65,0.4,0.5143,0.4,FALSE,21.8638
988809,281.47,199.85,75,67,Chioggia Beets,Camas Swale Farm,TRUE,1 Bunch,3.29,3.55,0.4,0.5106,0.4,FALSE,21.842072
928741,280,200,55,53,Broccoli Microgreens,Lone Wolf Ranch,FALSE,1 oz. pk,3.5,3.78,0.4,0.512,0.4,FALSE,21.728
998191,280,354,354,87,Mix Apples,Small is Beautiful Farm,TRUE,ea,1.4,1.51,0.4,0.51,0.4,FALSE,21.728
806019,280,200,25,25,Gluten Free Banana Cream Pie,Elegant Elephant Baking Co.,TRUE,"6""",11.2,12.1,0.4,0.5125,0.4,FALSE,21.728
1038295,277.44,200.4,60,45,Sugar Plum Kombucha,BNF Kombucha and Jun,FALSE,ea,4.68,5.05,0.4,0.512,0.401197605,FALSE,21.529344
812628,276.08,197.2,58,38,Tomatillos,Little Wings,FALSE,pound,4.76,5.14,0.4,0.5118,0.4,FALSE,21.423808
1133722,274.68,196.2,36,35,"Kaiware, Green Microgreens",Organically Grown Company,FALSE,2 oz ea,7.63,8.24,0.4,0.5119,0.4,FALSE,21.315168
806138,269.92,192.4,52,40,"Salsa, Hot",Sweet Creek,TRUE,16 oz,5.18,5.59,0.4,0.5108,0.4,FALSE,20.945792
1091676,268.8,192,96,84,Red Radish,Red Tail Growers,FALSE,each,2.8,3.02,0.4,0.51,0.4,FALSE,20.85888
805809,268.1,158,79,73,Fresh Spearmint,Grazier's Garden,FALSE,Bunch,2.8,3.02,0.4,0.51,0.4,FALSE,20.80456
867239,267.58,191.08,17,15,"Lucianna Toma Rustica Cheese, 4 Month Aged, 5.9-6.9 oz","Creamy Cow, LLC",FALSE,5.9-6.9oz,15.74,17,0.4,0.5125,0.400355872,FALSE,20.764208
805997,266,190,95,75,Red Butterhead Lettuce,Little Wings,FALSE,each,2.8,3.02,0.4,0.51,0.4,FALSE,20.6416
805682,262.57,158.25,15,14,Polish Kielbasa,Deck Family Farm,FALSE,12 oz,17.49,18.89,0.6574,0.7905,0.657819905,FALSE,20.375432
1133725,262.08,187.2,32,28,Anaheim Pepper,Organically Grown Company,FALSE,1 lb,8.19,8.85,0.4,0.5128,0.4,FALSE,20.337408
1005219,260.62,186,124,96,Rainbow Carrots,Red Tail Growers,FALSE,1 lb,2.1,2.27,0.4,0.5133,0.4,FALSE,20.224112
1004983,260.4,186,31,29,Jimmy Nardello Peppers,Camas Swale Farm,FALSE,1 lb,8.4,9.07,0.4,0.5117,0.4,FALSE,20.20704
919071,255.6,180,15,14,Brazil Cerrado Miniero - Dark Roast Ground Coffee,Radiant Coffee Roasters,FALSE,12 oz,16.8,18.14,0.4,0.5117,0.4,FALSE,19.83456
805936,254.94,136,68,64,Fresh Oregano,Grazier's Garden,FALSE,Bunch,2.8,3.02,0.4,0.51,0.4,FALSE,19.783344
805941,254.8,182,28,25,Sugar Snap Peas,Little Wings,FALSE,1 lb,9.1,9.83,0.4,0.5123,0.4,FALSE,19.77248
904032,254.8,182,52,46,Green Seedless Table Grapes,Small is Beautiful Farm,FALSE,pt,4.9,5.29,0.4,0.5114,0.4,FALSE,19.77248
1005221,247.3,176,88,75,Red Onion,Small is Beautiful Farm,FALSE,lb,2.8,3.02,0.4,0.51,0.4,FALSE,19.19048
1128174,246.82,176.3,41,40,Spinach (1/2 lb),Grazier's Garden,FALSE,bag,6.02,6.5,0.4,0.5116,0.4,FALSE,19.153232
824215,246.4,176,88,77,Purple curly kale,Camas Swale Farm,FALSE,ea,2.8,3.02,0.4,0.51,0.4,FALSE,19.12064
900126,241.15,172.25,13,12,Organic 7-Grain Cereal,Camas Country Mill,FALSE,3 lbs,18.55,20.03,0.4,0.5117,0.4,FALSE,18.71324
806030,238,170,68,39,Gluten Free Brownie Bite with Chocolate Chips,Elegant Elephant Baking Co.,TRUE,each,3.5,3.78,0.4,0.512,0.4,FALSE,18.4688
958464,237.02,167.7,43,35,Spinach  1/2 Lb.,Little Wings,FALSE,each,5.46,5.9,0.4,0.5128,0.4,FALSE,18.392752
911653,236.73,168.35,96,69,Celeriac,Organically Grown Company,FALSE,1 lb,2.52,2.72,0.4,0.5111,0.4,FALSE,18.370248
1016432,235.2,143.5,128,93,#2 Juicing Carrots,Full Farm CSA,TRUE,pound,1.4,1.51,0.4,0.51,0.4,FALSE,18.25152
900158,233.68,166.4,16,16,Organic Blue Cornmeal,Camas Country Mill,TRUE,3 lb bag,14.56,15.72,0.4,0.5115,0.4,FALSE,18.133568
806059,225.64,160.32,48,31,Skullcap Lemon Yerbe Mate Kombucha,BNF Kombucha and Jun,TRUE,16 fl. oz,4.68,5.05,0.4,0.512,0.401197605,FALSE,17.509664
806085,224.96,160,25,24,Blueberry Apple Sauce,Sweet Creek,TRUE,each,8.96,9.68,0.4,0.5125,0.4,FALSE,17.456896
936387,220.36,157.36,14,11,"Heidi of the Hills Cheese, 18 Month Aged,  5.9-6.9 oz","Creamy Cow, LLC",FALSE,5.9-6.9 oz,15.74,17,0.4,0.5125,0.400355872,FALSE,17.099936
806089,219.45,156.8,35,34,Blueberry Fruit Spread,Sweet Creek,TRUE,10 oz,6.27,6.77,0.4,0.5112,0.399553571,FALSE,17.02932
812618,217.28,155.2,97,79,Fresh Red Onion,Camas Swale Farm,FALSE,pound,2.24,2.42,0.4,0.5125,0.4,FALSE,16.860928
806048,217,155,31,31,Gluten Free Half Almond Loaf Sliced,Elegant Elephant Baking Co.,TRUE,each,7,7.56,0.4,0.512,0.4,FALSE,16.8392
805703,216.96,130.92,12,10,Lamb Neck Slices,Deck Family Farm,FALSE,1.10 - 1.50 lbs,18.08,19.53,0.6574,0.7901,0.657195234,FALSE,16.836096
821704,215.94,149.43,77,46,Acorn squash,Full Farm CSA,TRUE,1 Each,3.5,3.78,0.4,0.512,0.4,FALSE,16.756944
805906,212.8,180,90,85,Fresh Thyme,Red Tail Growers,TRUE,each,2.8,3.02,0.4,0.51,0.4,FALSE,16.51328
897629,208.58,148.5,33,32,Emmer Farro,Lonesome Whistle,TRUE,1.25 lb Bag,6.3,6.8,0.4,0.5111,0.4,FALSE,16.185808
1004516,206.33,134.7,15,15,"Gogo Gouda Cheese, 4 Month Aged, 4.8-5.8 oz","Creamy Cow, LLC",FALSE,4.8-5.8oz,12.57,13.58,0.4,0.5122,0.399777283,FALSE,16.011208
910774,206.32,124.48,2,2,"Broad Breasted White Thanksgiving Turkeys, Medium",Deck Family Farm,TRUE,12.01 - 14.00  lbs,103.16,111.41,0.6574,0.79,0.657455013,FALSE,16.010432
805990,204.4,146,73,71,Purple Scallions,Little Wings,FALSE,each,2.8,3.02,0.4,0.51,0.4,FALSE,15.86144
812658,204.4,146,73,61,Parsley,Little Wings,FALSE,bu,2.8,3.02,0.4,0.51,0.4,FALSE,15.86144
976636,201.6,144,72,61,Red Leaf Lettuce,Red Tail Growers,TRUE,ea,2.8,3.02,0.4,0.51,0.4,FALSE,15.64416
1026135,200.66,148.75,25,24,Old King Charcoal Soap Bar- Cedarwood and Fir,Granny Smith All Natural,FALSE,4.5 oz ea,8,8.64,0.4,0.4521,0.344537815,TRUE,15.571216
806094,200.62,143.6,16,16,Organic Buckwheat Flour,Camas Country Mill,TRUE,3 lbs,12.88,13.91,0.4,0.512,0.4,FALSE,15.568112
1010693,200,177.2,10,10,Deck Family Farm Insulated Bag,Full Farm CSA,TRUE,Blue Bag,24.81,26.79,0.4,0.5119,0.400112867,FALSE,15.52
805940,197.4,146.25,45,43,Pea Shoots,Little Wings,FALSE,4 oz,4.55,4.91,0.4,0.5108,0.4,FALSE,15.31824
987329,196,140,28,26,Cauliflower,Camas Swale Farm,FALSE,ea,7,7.56,0.4,0.512,0.4,FALSE,15.2096
897016,196,140,40,40,Shiro plums,Small is Beautiful Farm,FALSE,dozen,4.9,5.29,0.4,0.5114,0.4,FALSE,15.2096
805831,195.92,132,80,61,Collard Greens,Organically Grown Company,FALSE,each,2.31,2.49,0.4,0.5091,0.4,FALSE,15.203392
1026136,192.33,142.8,24,22,Gardener's Scrub Soap Bar- Lemongrass and Rosemary,Granny Smith All Natural,FALSE,4.5 oz ea,8,8.64,0.4,0.4521,0.344537815,TRUE,14.924808
806035,190.4,136,17,17,Gluten Free Chocolate Cream Pie,Elegant Elephant Baking Co.,TRUE,"6""",11.2,12.1,0.4,0.5125,0.4,FALSE,14.77504
806046,185.15,132.25,23,23,Gluten Free Dinner Rolls,Elegant Elephant Baking Co.,TRUE,bag of 6,8.05,8.69,0.4,0.5113,0.4,FALSE,14.36764
929464,185.12,112.58,13,13,"Rendered Pork Leaf Lard, 16 oz",Deck Family Farm's Hyland Artisinal Meats,TRUE,16 oz,14.35,15.5,0.6574,0.7898,0.65704388,FALSE,14.365312
976879,182.52,130.26,39,25,Strawberry Mint Kombucha,BNF Kombucha and Jun,TRUE,ea,4.68,5.05,0.4,0.512,0.401197605,FALSE,14.163552
825835,179.4,108.2,20,14,Lamb Bones,Deck Family Farm,FALSE,3.00 - 5.00 lbs,8.97,9.69,0.6574,0.7911,0.658040665,FALSE,13.92144
812659,179.2,132,66,64,Cilantro,Little Wings,TRUE,bu,2.8,3.02,0.4,0.51,0.4,FALSE,13.90592
964210,175.84,136.8,48,46,Fresh Thyme,Grazier's Garden,FALSE,each,3.99,4.31,0.4,0.5123,0.4,FALSE,13.645184
806088,174.2,124,31,24,Maris Widgeon Macaroni,Lonesome Whistle,TRUE,0.5 lb bag,5.6,6.05,0.4,0.5125,0.4,FALSE,13.51792
805469,172.72,119.76,12,12,"Ophelia Asiago Cheese - Special 12 month Aged, 4.8-5.8 oz","Creamy Cow, LLC",FALSE,4.8-5.8 oz,13.97,15.09,0.4,0.512,0.399799599,FALSE,13.403072
1018720,169.8,120,10,10,Radiant Roasters Chiapas Mexico Light Roast Ground Coffee,Radiant Coffee Roasters,FALSE,12 oz bag,16.8,18.14,0.4,0.5117,0.4,FALSE,13.17648
901471,168,120,120,42,Bartlett Pears,Small is Beautiful Farm,FALSE,ea,1.4,1.51,0.4,0.51,0.4,FALSE,13.0368
861798,167.72,101.2,4,4,Pork Shank,Deck Family Farm,TRUE,2.40 - 3.10 lbs,41.93,45.28,0.6574,0.7897,0.657312253,FALSE,13.015072
805911,164.5,117.5,47,42,Frisee Lettuce,Little Wings,TRUE,each,3.5,3.78,0.4,0.512,0.4,FALSE,12.7652
1026142,164.1,147,14,13,"""It Really Woks!"" Deodorant- Grapefruit",Granny Smith All Natural,TRUE,2.5 oz ea,14.7,15.88,0.4,0.5124,0.4,FALSE,12.73416
908804,162.4,116,8,8,Flax Seed,Camas Country Mill,FALSE,3 lb. bag,20.3,21.92,0.4,0.5117,0.4,FALSE,12.60224
1106676,162.4,116,58,43,Leeks,Winter Green Farm,TRUE,1 lb,2.8,3.02,0.4,0.51,0.4,FALSE,12.60224
1006108,161,115,46,40,Italian Frying Pepper,Red Tail Growers,FALSE,each,3.5,3.78,0.4,0.512,0.4,FALSE,12.4936
1026134,160.33,119,20,20,Lavender Goodness Soap Bar,Granny Smith All Natural,TRUE,4.5 oz ea,8,8.64,0.4,0.4521,0.344537815,TRUE,12.441608
1026139,160.33,119,20,20,Shampoo Bar-  Honeysuckle,Granny Smith All Natural,FALSE,4.5 oz ea,8,8.64,0.4,0.4521,0.344537815,TRUE,12.441608
928528,157.4,112,28,28,Tetsakabuto Winter Squash,Full Farm CSA,FALSE,ea,5.6,6.05,0.4,0.5125,0.4,FALSE,12.21424
806095,155.2,110.8,20,20,Dill Relish,Sweet Creek,TRUE,16 oz,7.76,8.38,0.4,0.5126,0.400722022,FALSE,12.04352
1058709,154.48,112.5,125,39,Fuji Apple (WA),Organically Grown Company,FALSE,ea,1.35,1.46,0.4,0.6222,0.5,TRUE,11.987648
813078,154.02,91.97,17,12,Pork Bones,Deck Family Farm,TRUE,3.00 - 5.00 lbs,8.97,9.69,0.6574,0.7911,0.658040665,FALSE,11.951952
805660,153.36,92.52,6,6,Beef Heart,Deck Family Farm,TRUE,2.50 - 3.5 lbs,25.56,27.6,0.6574,0.7899,0.657587549,FALSE,11.900736
1094107,152.83,113.05,19,18,Virtuous Lemon Soap Bar,Granny Smith All Natural,FALSE,4.5 oz ea,8,8.64,0.4,0.4521,0.344537815,TRUE,11.859608
1033694,152.17,113.05,19,19,Oregon Peppermint Fields Soap Bar,Granny Smith All Natural,FALSE,4.5 oz ea,8,8.64,0.4,0.4521,0.344537815,TRUE,11.808392
981788,151.2,108,24,19,Fresh Cherries,Grazier's Garden,FALSE,1 pint,6.3,6.8,0.4,0.5111,0.4,FALSE,11.73312
1026141,149.7,105,10,10,"""It Really Woks!"" Deodorant- Lavender",Granny Smith All Natural,TRUE,2.5 oz ea,15,16.2,0.4,0.5429,0.428571429,TRUE,11.61672
806104,149.2,106.6,20,19,Up & At 'Em Pancake Mix,Lonesome Whistle,TRUE,1.6 lbs,7.46,8.06,0.4,0.5122,0.399624765,FALSE,11.57792
1036759,148.5,103.84,8,7,"Ophelia Asiago Cheese  - Special 12 month Aged, 7-8 oz","Creamy Cow, LLC",FALSE,7-8 oz,18.17,19.62,0.4,0.5116,0.399845917,FALSE,11.5236
806096,145.6,104,26,17,Lemon Lavender Popcorn,Lonesome Whistle,TRUE,0.4 lb bag,5.6,6.05,0.4,0.5125,0.4,FALSE,11.29856
824228,145.36,103.84,8,6,"Heidi of the Hills Cheese, 18 Month Aged, 7-8 oz","Creamy Cow, LLC",FALSE,7-8oz,18.17,19.62,0.4,0.5116,0.399845917,FALSE,11.279936
1094879,144.06,102.9,21,20,"""Sanitize Naturally"" Hand Sanitizer Spray w/ Lemongrass, Orange & Peppermint Essential Oils",Granny Smith All Natural,FALSE,1 oz ea,6.86,7.41,0.4,0.5122,0.4,FALSE,11.179056
825832,137.35,73.1,10,9,Beef Kidney,Deck Family Farm,TRUE,0.80 - 1.00 lbs,12.13,13.1,0.6574,0.7921,0.659370725,FALSE,10.65836
1131919,136.5,97.5,39,31,Cone Cabbage,Camas Swale Farm,FALSE,ea,3.5,3.78,0.4,0.512,0.4,FALSE,10.5924
806028,134.4,96,16,16,Gluten Free Box of 5 Cupcakes,Elegant Elephant Baking Co.,TRUE,each,8.4,9.07,0.4,0.5117,0.4,FALSE,10.42944
805665,133.65,81.15,15,13,"Rendered Pork Leaf Lard, 8 oz",Deck Family Farm's Hyland Artisinal Meats,TRUE,8 oz,8.97,9.69,0.6574,0.7911,0.658040665,FALSE,10.37124
806118,133.56,96.2,9,9,Organic Corn Flour,Camas Country Mill,TRUE,2.5 lbs,15.12,16.33,0.4,0.512,0.4,FALSE,10.364256
928531,132.16,99,33,31,Red Skinned Daikon Radish,Winter Green Farm,TRUE,lb,4.48,4.84,0.4,0.5125,0.4,FALSE,10.255616
805887,130.2,93,31,28,Padron Peppers,Camas Swale Farm,TRUE,1 pt,4.2,4.54,0.4,0.5133,0.4,FALSE,10.10352
805918,130.2,93,62,53,Red Onion,Small is Beautiful Farm,TRUE,lb,2.1,2.27,0.4,0.5133,0.4,FALSE,10.10352
928742,129.5,92.5,24,24,Purple Radish Microgreens,Lone Wolf Ranch,FALSE,1 oz. pk,3.5,3.78,0.4,0.512,0.4,FALSE,10.0492
805981,126.68,90,40,33,Savoy Cabbage,Organically Grown Company,FALSE,each,3.15,3.4,0.4,0.5111,0.4,FALSE,9.830368
1129572,123.9,96.75,43,38,Purple Kohlrabi,Little Wings,FALSE,1 lb,3.15,3.4,0.4,0.5111,0.4,FALSE,9.61464
806051,122.64,87.6,8,8,Flavor Infused Olive Oil- Rosemary and Basil 100mL,River Ranch Oregon Olive OIl,TRUE,3.38oz (100mL),15.33,16.56,0.4,0.5123,0.4,FALSE,9.516864
1061159,122.56,87.52,16,9,Hot Red Enchilada Sauce,Sweet Creek,TRUE,16 oz ea,7.66,8.27,0.4,0.5119,0.400365631,FALSE,9.510656
906533,121.45,87,21,19,Braising mix (chard and kale),Red Tail Growers,TRUE,1/2 lb,5.95,6.43,0.4,0.5129,0.4,FALSE,9.42452
806125,120.75,86.5,10,10,Organic Spelt Flour,Camas Country Mill,FALSE,2 lb. Bag,12.11,13.08,0.4,0.5121,0.4,FALSE,9.3702
805934,120.75,88,44,39,"Herb Bundle: Rosemary, Thyme and Sage Combo",Little Wings,TRUE,each,2.8,3.02,0.4,0.51,0.4,FALSE,9.3702
1026140,120,84,8,8,"""It Really Woks!"" Deodorant- Cedarwood and Fir",Granny Smith All Natural,TRUE,2.5 oz ea,15,16.2,0.4,0.5429,0.428571429,TRUE,9.312
806038,118.44,84.6,36,19,Gluten Free Chocolate Donut,Elegant Elephant Baking Co.,TRUE,each,3.29,3.55,0.4,0.5106,0.4,FALSE,9.190944
806144,117.6,84,15,15,Sweet Relish,Sweet Creek,FALSE,16 oz,7.84,8.47,0.4,0.5125,0.4,FALSE,9.12576
805907,116.25,75,15,14,Fresno Peppers,Camas Swale Farm,TRUE,1 lb,7.75,8.37,0.4,0.674,0.55,TRUE,9.021
1094108,112.7,95.2,16,15,Travel Size Bug Repellent Stick,Granny Smith All Natural,TRUE,0.5 oz ea,8.33,9,0.4,0.5126,0.4,FALSE,8.74552
936388,111.76,79.84,8,8,"Heidi of the Hills Cheese, 18 Month Aged,  4.8-5.8 oz","Creamy Cow, LLC",FALSE,4.8-5.8 oz,13.97,15.09,0.4,0.512,0.399799599,FALSE,8.672576
812532,110.08,92,40,31,Red Russian Kale,Little Wings,TRUE,bu,3.22,3.48,0.4,0.513,0.4,FALSE,8.542208
805790,108.36,77,154,34,"Mixed Apple ""Seconds""",Small is Beautiful Farm,TRUE,each,0.7,0.76,0.4,0.52,0.4,FALSE,8.408736
806063,108.29,77.35,7,7,Brown Teff Flour,Camas Country Mill,TRUE,3 lbs,15.47,16.71,0.4,0.5122,0.4,FALSE,8.403304
897010,105,84,12,12,Dry Herb Mix,River Ranch Oregon Olive OIl,TRUE,ea 1 ounce jar,9.8,10.58,0.4,0.5114,0.4,FALSE,8.148
806102,104.44,74.62,14,14,Rise & Shine Gluten Free Pancake Mix,Lonesome Whistle,TRUE,1.6 lbs,7.46,8.06,0.4,0.5122,0.399624765,FALSE,8.104544
883799,104.42,61.68,8,7,Unrendered Beef Tallow,Deck Family Farm,FALSE,2.00 - 3.70 lbs,12.78,13.8,0.6574,0.7899,0.657587549,FALSE,8.102992
1049948,103.6,74,37,25,Mini Butternut Squash,Full Farm CSA,TRUE,each,2.8,3.02,0.4,0.51,0.4,FALSE,8.03936
976168,103.6,74,37,36,French Breakfast Radish,Grazier's Garden,FALSE,Bunch,2.8,3.02,0.4,0.51,0.4,FALSE,8.03936
806109,102.9,73.5,7,7,Jalapeno Relish,Sweet Creek,TRUE,each,14.7,15.88,0.4,0.5124,0.4,FALSE,7.98504
964205,101.99,72.85,31,29,Tropea onion,Camas Swale Farm,FALSE,bu,3.29,3.55,0.4,0.5106,0.4,FALSE,7.914424
997517,100.8,72,24,21,Winterbor Mixed Curly Kale Bunch,Grazier's Garden,FALSE,bu,4.2,4.54,0.4,0.5133,0.4,FALSE,7.82208
1058760,99.19,70.85,13,13,Pea Shoot Microgreens,Organically Grown Company,FALSE,2.5 oz ea,7.63,8.24,0.4,0.5119,0.4,FALSE,7.697144
806086,98.86,69.93,21,18,Einkorn Fusilli,Lonesome Whistle,FALSE,0.5 lb bag,4.66,5.03,0.4,0.5105,0.399399399,FALSE,7.671536
1022551,98,68.6,14,14,Travel Size Healing Stick,Granny Smith All Natural,TRUE,0.35 oz ea,7,7.56,0.4,0.5429,0.428571429,TRUE,7.6048
1091600,98,70,20,12,Kale Raab,Grazier's Garden,FALSE,bu,4.9,5.29,0.4,0.5114,0.4,FALSE,7.6048
1108544,98,78.75,35,33,Purple Radish,Little Wings,FALSE,bu,3.15,3.4,0.4,0.5111,0.4,FALSE,7.6048
806032,96.25,68.75,11,11,Gluten Free Cheddar Rolls,Elegant Elephant Baking Co.,TRUE,bag of 4,8.75,9.45,0.4,0.512,0.4,FALSE,7.469
879552,95.2,68,34,32,Green Garlic,Red Tail Growers,FALSE,bu,2.8,3.02,0.4,0.51,0.4,FALSE,7.38752
1108430,94.5,67.5,30,22,Baby Bok Choi,Little Wings,FALSE,Bunch,3.15,3.4,0.4,0.5111,0.4,FALSE,7.3332
1072323,91.98,65,10,9,Dried Heirloom Tomatoes,Small is Beautiful Farm,FALSE,2 oz bag,9.1,9.83,0.4,0.5123,0.4,FALSE,7.137648
975655,89.6,64,16,9,Frozen Golden Cherry Tomatoes,Grazier's Garden,FALSE,lb,5.6,6.05,0.4,0.5125,0.4,FALSE,6.95296
899373,89.32,63.8,29,25,Tropea onion,Full Farm CSA,FALSE,lb,3.08,3.33,0.4,0.5136,0.4,FALSE,6.931232
897631,88.2,63,14,12,Dark Northern Rye Flour,Lonesome Whistle,TRUE,1.6 lbs,6.3,6.8,0.4,0.5111,0.4,FALSE,6.84432
982583,88.2,63,28,25,Green Kohlrabi,Little Wings,FALSE,1 bunch,3.15,3.4,0.4,0.5111,0.4,FALSE,6.84432
1026137,88,65.45,11,11,Shampoo Bar-  Lemongrass,Granny Smith All Natural,TRUE,4.5 oz ea,8,8.64,0.4,0.4521,0.344537815,TRUE,6.8288
836358,87.99,62.86,7,7,"Lucianna Toma Rustica Cheese, 4 Month Aged, 4.8-5.8 oz","Creamy Cow, LLC",FALSE,4.8-5.8 oz,12.57,13.58,0.4,0.5122,0.399777283,FALSE,6.828024
964209,87.85,70,35,30,Fresh Sage,Red Tail Growers,TRUE,each,2.8,3.02,0.4,0.51,0.4,FALSE,6.81716
825840,87.42,47.35,5,4,Lamb Shank Osso Buco,Deck Family Farm,FALSE,1.10 - 1.40 lbs,15.7,16.96,0.6574,0.7909,0.657866948,FALSE,6.783792
805751,86.8,58,19,11,"Sedum Rupestre ""Blue Spruce""",RL Plants & Home Goods,TRUE,each,5.6,6.05,0.4,0.5125,0.4,FALSE,6.73568
1128173,84.28,60.2,28,25,Salad Turnips (Hakurei),Grazier's Garden,FALSE,bu,3.01,3.25,0.4,0.5116,0.4,FALSE,6.540128
806080,84,60,15,15,Cayenne Kettle Corn,Lonesome Whistle,TRUE,0.4 lb bag,5.6,6.05,0.4,0.5125,0.4,FALSE,6.5184
1042575,84,60,10,10,Popping Corn,Small is Beautiful Farm,FALSE,1 lb bag,8.4,9.07,0.4,0.5117,0.4,FALSE,6.5184
900154,84,60,6,6,Holly's Dog Biscuit Mix,Camas Country Mill,FALSE,3 lb bag,14,15.12,0.4,0.512,0.4,FALSE,6.5184
991582,84,60,6,5,Frozen Blackberries,Grazier's Garden,FALSE,lb,14,15.12,0.4,0.512,0.4,FALSE,6.5184
805866,84,60,30,26,Ho mi Zi (asian mustard heads),Camas Swale Farm,FALSE,each,2.8,3.02,0.4,0.51,0.4,FALSE,6.5184
986027,83.58,59.7,19,18,Shishito Peppers,Grazier's Garden,FALSE,1/2 lb,4.2,4.54,0.4,0.5133,0.4,FALSE,6.485808
1106688,78.4,56,14,13,Chunks of Sweetmeat Squash,Small is Beautiful Farm,FALSE,bag,5.6,6.05,0.4,0.5125,0.4,FALSE,6.08384
805943,78.4,56,14,14,Red Jimmy Nardello Peppers,Little Wings,FALSE,1 lb,5.6,6.05,0.4,0.5125,0.4,FALSE,6.08384
805874,77.35,55.25,13,13,Kale Mix,Red Tail Growers,TRUE,1/2 lb,5.95,6.43,0.4,0.5129,0.4,FALSE,6.00236
881823,77,55,11,7,Handmade Birch Wood Coasters –Set of 2,RL Plants & Home Goods,TRUE,2 pack,7,7.56,0.4,0.512,0.4,FALSE,5.9752
1129571,76.3,60.75,27,25,Green Kohlrabi,Little Wings,FALSE,1 lb,3.15,3.4,0.4,0.5111,0.4,FALSE,5.92088
1133120,73.5,52.5,21,20,Baby Sweet Onion,Camas Swale Farm,FALSE,bunch,3.5,3.78,0.4,0.512,0.4,FALSE,5.7036
939774,72.81,43.92,9,7,Lamb Heart,Deck Family Farm,FALSE,"2 pack, 0.8 - 1.1 lbs",8.09,8.74,0.6574,0.791,0.657786885,FALSE,5.650056
1057489,72,53.55,9,9,Shampoo Bar-  Lavender,Granny Smith All Natural,TRUE,4.5 oz ea,8,8.64,0.4,0.4521,0.344537815,TRUE,5.5872
1056158,70,50,10,8,Cauliflower,Grazier's Garden,FALSE,ea,7,7.56,0.4,0.512,0.4,FALSE,5.432
1130495,70,50,1,1,VIRGO GLOW (Whipped Tallow - skin care) 9 oz glass jar,Sabrooxel's Alchemy,FALSE,9 oz. ea,70,75.6,0.4,0.512,0.4,FALSE,5.432
975957,69.3,49.5,18,11,Napa Cabbage,Red Tail Growers,FALSE,ea,3.85,4.16,0.4,0.5127,0.4,FALSE,5.37768
1017030,68.25,48.75,13,11,Cornito Peppers,Grazier's Garden,FALSE,pound,5.25,5.67,0.4,0.512,0.4,FALSE,5.2962
1121876,67.2,48,24,17,Bok choi raab-,Camas Swale Farm,FALSE,bu,2.8,3.02,0.4,0.51,0.4,FALSE,5.21472
975215,67.2,48,6,4,I'm Back Iris Rhizome,RL Plants & Home Goods,FALSE,ea,11.2,12.1,0.4,0.5125,0.4,FALSE,5.21472
1018199,65.52,46.8,26,23,Purple Top Turnip,Full Farm CSA,FALSE,lb,2.52,2.72,0.4,0.5111,0.4,FALSE,5.084352
921373,64.65,39,5,5,"Pastrami, Ends & Pieces",Deck Family Farm,FALSE,8 oz,12.93,13.96,0.6574,0.7897,0.657692308,FALSE,5.01684
1004531,63,42,6,5,Tanzanian Tangerine Iris Rhizome (Bulb),RL Plants & Home Goods,FALSE,ea,9.8,10.58,0.4,0.5114,0.4,FALSE,4.8888
805893,61.6,44,20,13,Fava Beans,Little Wings,FALSE,1 lb,3.08,3.33,0.4,0.5136,0.4,FALSE,4.78016
805749,60.2,42,14,10,Hen and Chicks Succulents,RL Plants & Home Goods,TRUE,each,4.2,4.54,0.4,0.5133,0.4,FALSE,4.67152
897403,59.5,42,6,6,Raspberry Swirl - 2009 Tall Bearded Iris - Stunning Award Winner (Rhizome),RL Plants & Home Goods,FALSE,ea,9.8,10.58,0.4,0.5114,0.4,FALSE,4.6172
806044,58.8,42,8,8,Gluten Free Croutons,Elegant Elephant Baking Co.,TRUE,each,7.35,7.94,0.4,0.5124,0.4,FALSE,4.56288
975222,58.8,42,6,6,Breaking Point Iris Rhizome,RL Plants & Home Goods,FALSE,ea,9.8,10.58,0.4,0.5114,0.4,FALSE,4.56288
980311,58.8,42,24,15,Green Zucchini,Little Wings,FALSE,1 lb,2.45,2.65,0.4,0.5143,0.4,FALSE,4.56288
805730,58.73,41.95,1,1,The Daily Jar Tote/Jar Bag: Organic Waxed Canvas-WFTO Certified,Jar Joy Goods,TRUE,each,58.73,63.43,0.4,0.512,0.4,FALSE,4.557448
1026272,56,50,5,5,Handmade Cedar Catch-All Tray – Rustic Ring Dish & Coin Holder,RL Plants & Home Goods,TRUE,ea,14,15.12,0.4,0.512,0.4,FALSE,4.3456
901386,56,40,5,3,Fall Decor- Iris Rhizome,RL Plants & Home Goods,FALSE,ea,11.2,12.1,0.4,0.5125,0.4,FALSE,4.3456
1119870,56,40,4,4,"Handmade Wooden Industrial Style 4""x6"" Catch-all Tray",RL Plants & Home Goods,TRUE,ea,14,15.12,0.4,0.512,0.4,FALSE,4.3456
805958,55.2,40.66,19,16,Rainbow Chard,Grazier's Garden,FALSE,each,3,3.24,0.4,0.514,0.401869159,FALSE,4.28352
805793,54.6,39,13,11,Prune Plum,Small is Beautiful Farm,FALSE,each,4.2,4.54,0.4,0.5133,0.4,FALSE,4.23696
1061161,54.26,31.4,4,3,Classic Pork Broth,Deck Family Farm's Hyland Artisinal Meats,FALSE,1 quart,13.01,14.05,0.6574,0.7898,0.657324841,FALSE,4.210576
806052,53.64,38.28,12,10,Pomegranate Cardamom Kombucha,BNF Kombucha and Jun,FALSE,16 fl. oz,4.47,4.83,0.4,0.5141,0.401253918,FALSE,4.162464
812612,52.64,37.6,16,15,"Dandelion, Red",Red Tail Growers,TRUE,bu,3.29,3.55,0.4,0.5106,0.4,FALSE,4.084864
899372,50.4,36,9,9,Serrano pepper,Camas Swale Farm,FALSE,1 lb,5.6,6.05,0.4,0.5125,0.4,FALSE,3.91104
805945,49.39,35.31,11,10,Sugarloaf Chicory,Organically Grown Company,FALSE,each,4.49,4.85,0.4,0.5109,0.398753894,FALSE,3.832664
897022,49,35,7,2,Morning Mist Olive Oil Sugar Scrub,River Ranch Oregon Olive OIl,TRUE,ea 4 oz jar,7,7.56,0.4,0.512,0.4,FALSE,3.8024
805750,47.6,34,11,7,Sedum Palmeri Succulents,RL Plants & Home Goods,TRUE,each,5.6,6.05,0.4,0.5125,0.4,FALSE,3.69376
1033699,47.6,34,2,2,Deck Family Farm & Full Farm CSA T-Shirt,Full Farm CSA,FALSE,Xtra Small,23.8,25.7,0.4,0.5118,0.4,FALSE,3.69376
806043,45.99,32.85,3,3,Flavor Infused Olive Oil- Garlic 100mL,River Ranch Oregon Olive OIl,TRUE,3.38 oz. 100mL,15.33,16.56,0.4,0.5123,0.4,FALSE,3.568824
1033698,45.5,35,1,1,Deck Family Farm & Full Farm CSA Hoodie,Full Farm CSA,FALSE,Xtra Large,45.5,49.14,0.4,0.404,0.3,TRUE,3.5308
1017978,44.8,30,2,2,Handcrafted Birch Holder,RL Plants & Home Goods,FALSE,ea,21,22.68,0.4,0.512,0.4,FALSE,3.47648
981427,44.8,32,8,7,Romano Beans,Little Wings,FALSE,1lb,5.6,6.05,0.4,0.5125,0.4,FALSE,3.47648
805869,44.8,32,16,12,Green  Butterhead Lettuce,Little Wings,FALSE,each,2.8,3.02,0.4,0.51,0.4,FALSE,3.47648
948123,44.8,32,4,4,Vintage Vibe Award Winner Iris Rhizome,RL Plants & Home Goods,FALSE,ea,11.2,12.1,0.4,0.5125,0.4,FALSE,3.47648
912730,44.1,32.5,13,12,Hakurei Turnips,Little Wings,FALSE,1 bunch,3.5,3.78,0.4,0.512,0.4,FALSE,3.42216
805840,42.77,30.55,13,13,Escarole,Red Tail Growers,TRUE,each,3.29,3.55,0.4,0.5106,0.4,FALSE,3.318952
1004526,42,28,4,4,Spice Lord Iris Rhizome (Bulb),RL Plants & Home Goods,FALSE,ea,9.8,10.58,0.4,0.5114,0.4,FALSE,3.2592
1090811,42,30,3,3,Handcrafted 4x4 Rustic Wood Tea Candle Holder,RL Plants & Home Goods,TRUE,ea,14,15.12,0.4,0.512,0.4,FALSE,3.2592
897018,42,30,6,5,Lavender Olive Oil Sugar Scrub,River Ranch Oregon Olive OIl,TRUE,ea  4oz. jar,7,7.56,0.4,0.512,0.4,FALSE,3.2592
805748,40.7,24,6,4,Dark Purple Iris Rhizome,RL Plants & Home Goods,TRUE,each,5.6,6.05,0.4,0.5125,0.4,FALSE,3.15832
806025,37.8,27,9,5,Gluten Free Blueberry Scone,Elegant Elephant Baking Co.,TRUE,each,4.2,4.54,0.4,0.5133,0.4,FALSE,2.93328
805984,37.8,27,12,11,Purple Kohlrabi,Little Wings,FALSE,1 bunch,3.15,3.4,0.4,0.5111,0.4,FALSE,2.93328
1127322,37.73,35.7,6,6,Travel Size Lotion Stick w/ Grapefruit Essential Oil,Granny Smith All Natural,TRUE,0.5 oz ea,8.33,9,0.4,0.5126,0.4,FALSE,2.927848
948124,33.6,24,3,3,Ziggy Award Winner Iris Rhizome,RL Plants & Home Goods,FALSE,ea,11.2,12.1,0.4,0.5125,0.4,FALSE,2.60736
975217,33.6,24,3,3,Desert Trails Iris Rhizome,RL Plants & Home Goods,FALSE,ea,11.2,12.1,0.4,0.5125,0.4,FALSE,2.60736
805752,29.4,20,5,4,Yellow Iris Rhizome,RL Plants & Home Goods,TRUE,each,5.6,6.05,0.4,0.5125,0.4,FALSE,2.28144
1127318,29.4,21,5,5,Travel Size Lotion Stick w/ Honeysuckle Essential Oil,Granny Smith All Natural,FALSE,0.35 oz ea,5.88,6.35,0.4,0.5119,0.4,FALSE,2.28144
1127319,29.4,29.75,5,5,Travel Size Lotion Stick w/ Lavender Essential Oil & Charcoal,Granny Smith All Natural,TRUE,0.5 oz ea,8.33,9,0.4,0.5126,0.4,FALSE,2.28144
981124,28.95,20.67,3,3,"The ""Wanna Be Sassy"" Creole Spice Blend",Creole Me Up,FALSE,3 oz jar,9.65,10.42,0.4,0.5123,0.400580552,FALSE,2.24652
1090814,28,20,2,2,Handcrafted 4x4 Rustic Wood Double Tea Candle Holder,RL Plants & Home Goods,FALSE,ea,14,15.12,0.4,0.512,0.4,FALSE,2.1728
897026,28,20,4,4,Summer Day Olive Oil Sugar Scrub,River Ranch Oregon Olive OIl,TRUE,ea 4 oz jar,7,7.56,0.4,0.512,0.4,FALSE,2.1728
1107077,27.93,19.95,7,7,Fresh Sage,Grazier's Garden,FALSE,bu,3.99,4.31,0.4,0.5123,0.4,FALSE,2.167368
1058758,26.1,18.4,8,8,Red Mustard Mizuna,Organically Grown Company,FALSE,ea,3.22,3.48,0.4,0.513,0.4,FALSE,2.02536
897406,25.2,18,3,3,DOXIE DOODLES - 2011 Standard Dwarf Bearded Iris - Fragrant (rhizome),RL Plants & Home Goods,FALSE,ea,8.4,9.07,0.4,0.5117,0.4,FALSE,1.95552
1012966,25.2,18,4,3,Handcrafted Cedar Coasters,RL Plants & Home Goods,TRUE,2 pack,4.2,4.54,0.4,0.5133,0.4,FALSE,1.95552
1003371,23.8,17,17,6,Red Bartlett Pears,Organically Grown Company,FALSE,ea,1.4,1.51,0.4,0.51,0.4,FALSE,1.84688
1127321,23.52,16.8,4,4,Travel Size Lotion Stick w/ Lemongrass & Orange Essential Oils & Turmeric,Granny Smith All Natural,TRUE,0.35 oz ea,5.88,6.35,0.4,0.5119,0.4,FALSE,1.825152
1042571,22.4,16,4,4,Winter Beets,Small is Beautiful Farm,FALSE,2 lb bag,5.6,6.05,0.4,0.5125,0.4,FALSE,1.73824
832550,18.2,13,1,1,Tote Bag,Full Farm CSA,TRUE,ea,18.2,19.66,0.4,0.5123,0.4,FALSE,1.41232
995640,17.5,12.5,5,4,Fresh Chocolate Mint,Grazier's Garden,FALSE,bu,3.5,3.78,0.4,0.512,0.4,FALSE,1.358
890656,17.5,12.5,5,5,Broccoli,Camas Swale Farm,FALSE,1 lb,3.5,3.78,0.4,0.512,0.4,FALSE,1.358
1071880,16.8,0,3,3,Winter Carrots,Full Farm CSA,FALSE,2# bag,5.6,6.05,0.4,0.5125,0.4,FALSE,1.30368
975212,16.8,12,2,2,Giddy Iris Rhizome (Standard Dwarf Bearded),RL Plants & Home Goods,TRUE,ea,8.4,9.07,0.4,0.5117,0.4,FALSE,1.30368
897404,16.8,12,2,2,Pepi Dwarf Iris Rhizome,RL Plants & Home Goods,FALSE,ea,8.4,9.07,0.4,0.5117,0.4,FALSE,1.30368
1091602,15,15,5,4,Lacinato Kale,Grazier's Garden,FALSE,bu,3,3.24,0.4,0.08,0,TRUE,1.164
915293,14,10,4,4,Cauliflower,Camas Swale Farm,FALSE,1 lb,3.5,3.78,0.4,0.512,0.4,FALSE,1.0864
912556,14,10,5,5,Red Chard,Red Tail Growers,FALSE,ea,2.8,3.02,0.4,0.51,0.4,FALSE,1.0864
901383,11.2,8,1,1,Open Your Eyes- Iris Rhizome,RL Plants & Home Goods,FALSE,ea,11.2,12.1,0.4,0.5125,0.4,FALSE,0.86912
914549,10.5,7.5,3,2,Lemon Balm,RL Plants & Home Goods,FALSE,bu,3.5,3.78,0.4,0.512,0.4,FALSE,0.8148
805922,8.4,6,3,2,Green Tomatoes,Grazier's Garden,TRUE,1 lb,2.8,3.02,0.4,0.51,0.4,FALSE,0.65184
806007,7.35,5.25,3,3,Pink Beauty Radish,Winter Green Farm,FALSE,each,2.45,2.65,0.4,0.5143,0.4,FALSE,0.57036
862903,6.44,4.6,2,2,Italian Kale Raab,Organically Grown Company,FALSE,bu,3.22,3.48,0.4,0.513,0.4,FALSE,0.499744
805929,5.95,4.25,1,1,Hungarian Hot Wax Pepper,Little Wings,TRUE,lb.,5.95,6.43,0.4,0.5129,0.4,FALSE,0.46172
805813,2.8,2,1,1,Fresh Rosemary,Grazier's Garden,TRUE,each,2.8,3.02,0.4,0.51,0.4,FALSE,0.21728