key,revenue,cost,quantity,lines,currentLocalMarkup,typicalProposedMarkup,incrementalAt8
Deck Family Farm,259053.01,162912.59,16672,10501,0.6574,0.789992,20102.51358
"Creamy Cow, LLC",106627.06,73095.13,7096,4391,0.4,0.512,8274.259856
Organically Grown Company,45133.83,32448.95,13249,8503,0.4,0.512,3502.385208
Camas Swale Farm,19294.05,13721,5916,4246,0.4,0.512,1497.21828
Deck Family Farm's Hyland Artisinal Meats,16542.49,10038.72,1077,869,0.6574,0.789992,1283.697224
Little Wings,13796.81,9940.35,3586,2912,0.4,0.512,1070.632456
Red Tail Growers,10445.88,7243.95,2800,2277,0.4,0.512,810.600288
Sweet Creek,8875.33,6334.12,1184,968,0.4,0.512,688.725608
Small is Beautiful Farm,8599.84,6269,2014,1337,0.4,0.512,667.347584
Radiant Coffee Roasters,7459.6,5326,443,400,0.4,0.512,578.86496
Camas Country Mill,6843.81,4892.6,402,386,0.4,0.512,531.079656
Full Farm CSA,6515.2,4657.37,1202,834,0.4,0.512,505.57952
Winter Green Farm,5888.45,4380.25,2095,1453,0.4,0.512,456.94372
Elegant Elephant Baking Co.,5624.31,4014.1,842,653,0.4,0.512,436.446456
Grazier's Garden,5478.56,3826.31,1315,1071,0.4,0.512,425.136256
BNF Kombucha and Jun,5410.51,3863.77,1129,832,0.4,0.512,419.855576
Reality Kitchen Nonprofit,4315.8,3308,519,506,0.4,0.512,334.90608
River Ranch Oregon Olive OIl,3329.41,2379.7,171,156,0.4,0.512,258.362216
Lonesome Whistle,2584.88,1842.65,447,374,0.4,0.512,200.586688
Granny Smith All Natural,2087.26,1580.6,250,243,0.4,0.512,161.971376
Farmhands Co-Op,1659.7,1185.5,145,122,0.4,0.512,128.79272
RL Plants & Home Goods,1132.7,800.5,140,110,0.4,0.512,87.89752
Sabrooxel's Alchemy,1023.23,730.92,30,30,0.4,0.512,79.402648
Lone Wolf Ranch,409.5,292.5,79,77,0.4,0.512,31.7772
Jar Joy Goods,58.73,41.95,1,1,0.4,0.512,4.557448
Creole Me Up,28.95,20.67,3,3,0.4,0.512,2.24652